Experiment,rev,typ,Created,parent,sharpe_ratio,stdev,general.timeframe,general.asset,general.tfmin,general.performance_stat,general.datapath,strategy.param.path,wf.param.path,wf.train_length,wf.test_length,master\data-raw\train_300klines.csv,master\data-wip\01_converted_to_xts.rds,master\data-wip\1\10\02_downsampled.rds,master\data-wip\1\10\03_precalculated.rds,master\data-wip\1\10\04_positions.rds,master\data-wip\1\10\05_pnl.rds,master\data-wip\1\10\06_wf_indexes.rds,master\data-wip\1\10\07_wf_metrics.rds,master\data-wip\1\10\08_wf_best_params.rds,master\data-wip\1\1\02_downsampled.rds,master\data-wip\1\1\03_precalculated.rds,master\data-wip\1\1\04_positions.rds,master\data-wip\1\1\05_pnl.rds,master\data-wip\1\1\06_wf_indexes.rds,master\data-wip\1\1\07_wf_metrics.rds,master\data-wip\1\1\08_wf_best_params.rds,master\data-wip\1\5\02_downsampled.rds,master\data-wip\1\5\03_precalculated.rds,master\data-wip\1\5\04_positions.rds,master\data-wip\1\5\05_pnl.rds,master\data-wip\1\5\06_wf_indexes.rds,master\data-wip\1\5\07_wf_metrics.rds,master\data-wip\1\5\08_wf_best_params.rds,master\rcode\01_convert_to_xts.R,master\rcode\06_wf_calculate_indexes.R,master\rcode\07_wf_calculate_metrics.r,master\rcode\08_wf_select_best_params.r,master\rcode\09_wf_eval_test.R,master\rcode\logic\WfHelper.r,master\rcode\logic\strategy.r,master\rcode\logic\strategy_param.yaml

,workspace,baseline,,,2.7366419,0.0019543,"[1, 10, 15]",1,1,calc_sharpe,./master/data-wip,master//rcode//logic/strategy_param.yaml,master//rcode//logic/WfHelper.yaml,1,1,91cd52d7e74357426ce1934693d3c49e,2b46217cc891e09ef4cb0daa9e93805b,,,,,,,,82376e9058a716b04bcbaea69c591b8f,d16b177364a71860c7b7c2c870343642,b87402d83af266b640da0988c966f13b,63b8f5c04bd003ad074836b1e38e0d9f,04dd7db31aeab6799e9db1f78c8eb853,cbe9b5f74f552253c034517d1d2e165a,de5b47e7fc86cca259f6126aa9d39c42,,,,,,,,85da00891c3defce761f3e72451ec99b,dee9fb2aace0c71b6795403763cf6ceb,4932e58351639034134937063b19c0ec,553b26c7b7bb776d90941fdf714fdc46,af27206ba729dde687d355368c4e118c,86760c04058974ecfdbed3cdd504f1a5,4b520ae7eb8b1c2f6cec217d50b70a79,c8d1c328f00399577ab3b3629ec90249

,main,baseline,2023-09-29T21:14:04,,0.0742184,0.0020279,"[1, 10, 15]",1,1,calc_sharpe,./master/data-wip,master//rcode//logic/strategy_param.yaml,master//rcode//logic/WfHelper.yaml,,,91cd52d7e74357426ce1934693d3c49e,2b46217cc891e09ef4cb0daa9e93805b,,,,,,,,82376e9058a716b04bcbaea69c591b8f,d16b177364a71860c7b7c2c870343642,b87402d83af266b640da0988c966f13b,63b8f5c04bd003ad074836b1e38e0d9f,2805fa4626c8292f36471ff6c10f51c3,f84d2c4fe96da596bab497fd72d40ac1,73fabada3b669b4f26354466082d5d9f,,,,,,,,85da00891c3defce761f3e72451ec99b,dee9fb2aace0c71b6795403763cf6ceb,4932e58351639034134937063b19c0ec,b9206f7f6cf05058d4a9f0ca78a5dbf5,ce33e41f70410920f873ecb49c07225f,8eaeb8831385d4c13ab4ba2a045cc3b8,4b520ae7eb8b1c2f6cec217d50b70a79,c8d1c328f00399577ab3b3629ec90249

direr-divs,ff3d67f,branch_commit,2023-09-30T10:55:52,,0.3023938,0.0079562,"[1, 10, 15]",1,10,calc_sharpe,./master/data-wip,master//rcode//logic/strategy_param.yaml,master//rcode//logic/WfHelper.yaml,5,3,91cd52d7e74357426ce1934693d3c49e,2b46217cc891e09ef4cb0daa9e93805b,ac45596096649ddfc285e3898e139b90,4ba14704be4f682055e4b037b17b550f,c8334d613de86485ac0c0fd414b805f9,30a293dd56fc1f5fb5e9c9567ea88a7e,ec323792a6d4dd6562196738db2098b3,0b6ef8ab6460cae52648468ee85917f4,36fcca12f7a30940c568cf5f6e064b0a,,,,,,,,,,,,,,,85da00891c3defce761f3e72451ec99b,dee9fb2aace0c71b6795403763cf6ceb,4932e58351639034134937063b19c0ec,553b26c7b7bb776d90941fdf714fdc46,af27206ba729dde687d355368c4e118c,86760c04058974ecfdbed3cdd504f1a5,4b520ae7eb8b1c2f6cec217d50b70a79,c8d1c328f00399577ab3b3629ec90249

myoid-razz,4e1573f,branch_commit,2023-09-30T10:55:36,,-4.9757401,0.0053912,"[1, 10, 15]",1,5,calc_sharpe,./master/data-wip,master//rcode//logic/strategy_param.yaml,master//rcode//logic/WfHelper.yaml,5,3,91cd52d7e74357426ce1934693d3c49e,2b46217cc891e09ef4cb0daa9e93805b,,,,,,,,,,,,,,,1c6b83827fba420ffc771d3eb9158906,6e391f87139f95a3f1ebdebf00b204c4,9c4d5aa2cfba6dc5f336977399de4897,e4f8ef9fb24f3397c9e205c5a3bbd276,04952f2c71afd0c87d05faf33b75f734,7e603caed7f0e08671767c47770537c3,a1a1e839ebf4c49111241b2b957625d3,85da00891c3defce761f3e72451ec99b,dee9fb2aace0c71b6795403763cf6ceb,4932e58351639034134937063b19c0ec,553b26c7b7bb776d90941fdf714fdc46,af27206ba729dde687d355368c4e118c,86760c04058974ecfdbed3cdd504f1a5,4b520ae7eb8b1c2f6cec217d50b70a79,c8d1c328f00399577ab3b3629ec90249

pursy-byes,8041c22,branch_commit,2023-09-30T10:55:20,,3.1985538,0.0020609,"[1, 10, 15]",1,1,calc_sharpe,./master/data-wip,master//rcode//logic/strategy_param.yaml,master//rcode//logic/WfHelper.yaml,5,3,91cd52d7e74357426ce1934693d3c49e,2b46217cc891e09ef4cb0daa9e93805b,,,,,,,,82376e9058a716b04bcbaea69c591b8f,d16b177364a71860c7b7c2c870343642,b87402d83af266b640da0988c966f13b,63b8f5c04bd003ad074836b1e38e0d9f,2b72cc8daa254a745b772af56fdaa501,bd845bb7ea874384a9e76bd6a761f04f,94af00d07fa07d3d68372e149e5fe716,,,,,,,,85da00891c3defce761f3e72451ec99b,dee9fb2aace0c71b6795403763cf6ceb,4932e58351639034134937063b19c0ec,553b26c7b7bb776d90941fdf714fdc46,af27206ba729dde687d355368c4e118c,86760c04058974ecfdbed3cdd504f1a5,4b520ae7eb8b1c2f6cec217d50b70a79,c8d1c328f00399577ab3b3629ec90249

stoic-hips,81d85c7,branch_commit,2023-09-30T10:55:09,,-4.0831981,0.0077301,"[1, 10, 15]",1,10,calc_sharpe,./master/data-wip,master//rcode//logic/strategy_param.yaml,master//rcode//logic/WfHelper.yaml,5,2,91cd52d7e74357426ce1934693d3c49e,2b46217cc891e09ef4cb0daa9e93805b,ac45596096649ddfc285e3898e139b90,4ba14704be4f682055e4b037b17b550f,c8334d613de86485ac0c0fd414b805f9,30a293dd56fc1f5fb5e9c9567ea88a7e,8a897562963bf0af24675cb9306e805b,7817c4479abbf6626b9aa99195c5c9ee,871aaa72ce2e22439a6efe78efa66d60,,,,,,,,,,,,,,,85da00891c3defce761f3e72451ec99b,dee9fb2aace0c71b6795403763cf6ceb,4932e58351639034134937063b19c0ec,553b26c7b7bb776d90941fdf714fdc46,af27206ba729dde687d355368c4e118c,86760c04058974ecfdbed3cdd504f1a5,4b520ae7eb8b1c2f6cec217d50b70a79,c8d1c328f00399577ab3b3629ec90249

sable-nark,a010867,branch_commit,2023-09-30T10:54:53,,-2.7284421,0.0052408,"[1, 10, 15]",1,5,calc_sharpe,./master/data-wip,master//rcode//logic/strategy_param.yaml,master//rcode//logic/WfHelper.yaml,5,2,91cd52d7e74357426ce1934693d3c49e,2b46217cc891e09ef4cb0daa9e93805b,,,,,,,,,,,,,,,1c6b83827fba420ffc771d3eb9158906,6e391f87139f95a3f1ebdebf00b204c4,9c4d5aa2cfba6dc5f336977399de4897,e4f8ef9fb24f3397c9e205c5a3bbd276,a0a5c41094c047ad298e4c30be2dec16,22ceff607e4b92fbc5d4a90a220df99f,72a30fd38cde871080558b273c7f86a6,85da00891c3defce761f3e72451ec99b,dee9fb2aace0c71b6795403763cf6ceb,4932e58351639034134937063b19c0ec,553b26c7b7bb776d90941fdf714fdc46,af27206ba729dde687d355368c4e118c,86760c04058974ecfdbed3cdd504f1a5,4b520ae7eb8b1c2f6cec217d50b70a79,c8d1c328f00399577ab3b3629ec90249

pawky-rugs,2a52007,branch_commit,2023-09-30T10:54:36,,-3.0254265,0.0020797,"[1, 10, 15]",1,1,calc_sharpe,./master/data-wip,master//rcode//logic/strategy_param.yaml,master//rcode//logic/WfHelper.yaml,5,2,91cd52d7e74357426ce1934693d3c49e,2b46217cc891e09ef4cb0daa9e93805b,,,,,,,,82376e9058a716b04bcbaea69c591b8f,d16b177364a71860c7b7c2c870343642,b87402d83af266b640da0988c966f13b,63b8f5c04bd003ad074836b1e38e0d9f,315f77cd5f90bc5fa1280c7bdb90b5b7,870561b800815cbb39d79ede1fb1a186,c665fb7c616de859524676b48a51764d,,,,,,,,85da00891c3defce761f3e72451ec99b,dee9fb2aace0c71b6795403763cf6ceb,4932e58351639034134937063b19c0ec,553b26c7b7bb776d90941fdf714fdc46,af27206ba729dde687d355368c4e118c,86760c04058974ecfdbed3cdd504f1a5,4b520ae7eb8b1c2f6cec217d50b70a79,c8d1c328f00399577ab3b3629ec90249

typed-gigs,da67a12,branch_commit,2023-09-30T10:54:27,,-3.5743111,0.0077294,"[1, 10, 15]",1,10,calc_sharpe,./master/data-wip,master//rcode//logic/strategy_param.yaml,master//rcode//logic/WfHelper.yaml,5,1,91cd52d7e74357426ce1934693d3c49e,2b46217cc891e09ef4cb0daa9e93805b,ac45596096649ddfc285e3898e139b90,4ba14704be4f682055e4b037b17b550f,c8334d613de86485ac0c0fd414b805f9,30a293dd56fc1f5fb5e9c9567ea88a7e,3e982483ecedd81c7024ed6441cf641e,c389c0d81e24113d6313555d73c9d7fd,3d10fd59d11df04c145f68ed4a34f52e,,,,,,,,,,,,,,,85da00891c3defce761f3e72451ec99b,dee9fb2aace0c71b6795403763cf6ceb,4932e58351639034134937063b19c0ec,553b26c7b7bb776d90941fdf714fdc46,af27206ba729dde687d355368c4e118c,86760c04058974ecfdbed3cdd504f1a5,4b520ae7eb8b1c2f6cec217d50b70a79,c8d1c328f00399577ab3b3629ec90249

eager-airt,e5890b4,branch_commit,2023-09-30T10:54:11,,-5.9682386,0.0052452,"[1, 10, 15]",1,5,calc_sharpe,./master/data-wip,master//rcode//logic/strategy_param.yaml,master//rcode//logic/WfHelper.yaml,5,1,91cd52d7e74357426ce1934693d3c49e,2b46217cc891e09ef4cb0daa9e93805b,,,,,,,,,,,,,,,1c6b83827fba420ffc771d3eb9158906,6e391f87139f95a3f1ebdebf00b204c4,9c4d5aa2cfba6dc5f336977399de4897,e4f8ef9fb24f3397c9e205c5a3bbd276,67cee61f19b251ac7c5e6345a32b75c4,1377b47805c9fa49a5d980bf7d368d35,d786dff181c743375a88052268f2efc8,85da00891c3defce761f3e72451ec99b,dee9fb2aace0c71b6795403763cf6ceb,4932e58351639034134937063b19c0ec,553b26c7b7bb776d90941fdf714fdc46,af27206ba729dde687d355368c4e118c,86760c04058974ecfdbed3cdd504f1a5,4b520ae7eb8b1c2f6cec217d50b70a79,c8d1c328f00399577ab3b3629ec90249

newsy-loup,0284203,branch_commit,2023-09-30T10:53:52,,-0.7719602,0.0020619,"[1, 10, 15]",1,1,calc_sharpe,./master/data-wip,master//rcode//logic/strategy_param.yaml,master//rcode//logic/WfHelper.yaml,5,1,91cd52d7e74357426ce1934693d3c49e,2b46217cc891e09ef4cb0daa9e93805b,,,,,,,,82376e9058a716b04bcbaea69c591b8f,d16b177364a71860c7b7c2c870343642,b87402d83af266b640da0988c966f13b,63b8f5c04bd003ad074836b1e38e0d9f,42863f697b57f877296f6bb25db5cc0f,8b278a42784c25c592c08295b76dd193,1b2b1e6508b686d81b8f653bab03ddb6,,,,,,,,85da00891c3defce761f3e72451ec99b,dee9fb2aace0c71b6795403763cf6ceb,4932e58351639034134937063b19c0ec,553b26c7b7bb776d90941fdf714fdc46,af27206ba729dde687d355368c4e118c,86760c04058974ecfdbed3cdd504f1a5,4b520ae7eb8b1c2f6cec217d50b70a79,c8d1c328f00399577ab3b3629ec90249

riven-weep,01bb4ee,branch_commit,2023-09-30T10:53:41,,-3.0522751,0.0075786,"[1, 10, 15]",1,10,calc_sharpe,./master/data-wip,master//rcode//logic/strategy_param.yaml,master//rcode//logic/WfHelper.yaml,4,3,91cd52d7e74357426ce1934693d3c49e,2b46217cc891e09ef4cb0daa9e93805b,ac45596096649ddfc285e3898e139b90,4ba14704be4f682055e4b037b17b550f,c8334d613de86485ac0c0fd414b805f9,30a293dd56fc1f5fb5e9c9567ea88a7e,21b00ba6dbcc9b964382a5d7b7dd7932,2f6c1d48f915673c3929808b312ab1c7,38eb48ab22888b78549f8e25d7dc5960,,,,,,,,,,,,,,,85da00891c3defce761f3e72451ec99b,dee9fb2aace0c71b6795403763cf6ceb,4932e58351639034134937063b19c0ec,553b26c7b7bb776d90941fdf714fdc46,af27206ba729dde687d355368c4e118c,86760c04058974ecfdbed3cdd504f1a5,4b520ae7eb8b1c2f6cec217d50b70a79,c8d1c328f00399577ab3b3629ec90249

abuzz-jump,52e47be,branch_commit,2023-09-30T10:53:25,,-6.5510755,0.0051548,"[1, 10, 15]",1,5,calc_sharpe,./master/data-wip,master//rcode//logic/strategy_param.yaml,master//rcode//logic/WfHelper.yaml,4,3,91cd52d7e74357426ce1934693d3c49e,2b46217cc891e09ef4cb0daa9e93805b,,,,,,,,,,,,,,,1c6b83827fba420ffc771d3eb9158906,6e391f87139f95a3f1ebdebf00b204c4,9c4d5aa2cfba6dc5f336977399de4897,e4f8ef9fb24f3397c9e205c5a3bbd276,2d1bb7f196408006779c5883c97aee21,ae28737704ebe6dbfd0bd0510de0d69c,77e05954dc4cb155cdc142aa715f2b2d,85da00891c3defce761f3e72451ec99b,dee9fb2aace0c71b6795403763cf6ceb,4932e58351639034134937063b19c0ec,553b26c7b7bb776d90941fdf714fdc46,af27206ba729dde687d355368c4e118c,86760c04058974ecfdbed3cdd504f1a5,4b520ae7eb8b1c2f6cec217d50b70a79,c8d1c328f00399577ab3b3629ec90249

strip-foil,fccc484,branch_commit,2023-09-30T10:53:09,,1.0942734,0.0020478,"[1, 10, 15]",1,1,calc_sharpe,./master/data-wip,master//rcode//logic/strategy_param.yaml,master//rcode//logic/WfHelper.yaml,4,3,91cd52d7e74357426ce1934693d3c49e,2b46217cc891e09ef4cb0daa9e93805b,,,,,,,,82376e9058a716b04bcbaea69c591b8f,d16b177364a71860c7b7c2c870343642,b87402d83af266b640da0988c966f13b,63b8f5c04bd003ad074836b1e38e0d9f,9b411e364d4d18cf7e3a60bfe231e4d3,155f58687acebac923cced714e960609,1ca0c1e030ce1ad8829e3fffc390fa43,,,,,,,,85da00891c3defce761f3e72451ec99b,dee9fb2aace0c71b6795403763cf6ceb,4932e58351639034134937063b19c0ec,553b26c7b7bb776d90941fdf714fdc46,af27206ba729dde687d355368c4e118c,86760c04058974ecfdbed3cdd504f1a5,4b520ae7eb8b1c2f6cec217d50b70a79,c8d1c328f00399577ab3b3629ec90249

angry-waws,76a1016,branch_commit,2023-09-30T10:52:58,,-0.9547837,0.0076676,"[1, 10, 15]",1,10,calc_sharpe,./master/data-wip,master//rcode//logic/strategy_param.yaml,master//rcode//logic/WfHelper.yaml,4,2,91cd52d7e74357426ce1934693d3c49e,2b46217cc891e09ef4cb0daa9e93805b,ac45596096649ddfc285e3898e139b90,4ba14704be4f682055e4b037b17b550f,c8334d613de86485ac0c0fd414b805f9,30a293dd56fc1f5fb5e9c9567ea88a7e,e11d837963db43f6fa715c15c44ab407,c506a72df5ca2958690be047f1b60e50,53dfe8b4e2b83baf93e73c6da734cd9b,,,,,,,,,,,,,,,85da00891c3defce761f3e72451ec99b,dee9fb2aace0c71b6795403763cf6ceb,4932e58351639034134937063b19c0ec,553b26c7b7bb776d90941fdf714fdc46,af27206ba729dde687d355368c4e118c,86760c04058974ecfdbed3cdd504f1a5,4b520ae7eb8b1c2f6cec217d50b70a79,c8d1c328f00399577ab3b3629ec90249

rusty-rime,842acbf,branch_commit,2023-09-30T10:52:42,,-5.1645329,0.0051992,"[1, 10, 15]",1,5,calc_sharpe,./master/data-wip,master//rcode//logic/strategy_param.yaml,master//rcode//logic/WfHelper.yaml,4,2,91cd52d7e74357426ce1934693d3c49e,2b46217cc891e09ef4cb0daa9e93805b,,,,,,,,,,,,,,,1c6b83827fba420ffc771d3eb9158906,6e391f87139f95a3f1ebdebf00b204c4,9c4d5aa2cfba6dc5f336977399de4897,e4f8ef9fb24f3397c9e205c5a3bbd276,c9bce3366ebcc3049018449675fb987d,dc1548365bc54d500bfd104871428f5e,8ea0afd9c99b5552277151c9d69b351c,85da00891c3defce761f3e72451ec99b,dee9fb2aace0c71b6795403763cf6ceb,4932e58351639034134937063b19c0ec,553b26c7b7bb776d90941fdf714fdc46,af27206ba729dde687d355368c4e118c,86760c04058974ecfdbed3cdd504f1a5,4b520ae7eb8b1c2f6cec217d50b70a79,c8d1c328f00399577ab3b3629ec90249

flown-prow,7f8d1d2,branch_commit,2023-09-30T10:52:25,,0.0742184,0.0020279,"[1, 10, 15]",1,1,calc_sharpe,./master/data-wip,master//rcode//logic/strategy_param.yaml,master//rcode//logic/WfHelper.yaml,4,2,91cd52d7e74357426ce1934693d3c49e,2b46217cc891e09ef4cb0daa9e93805b,,,,,,,,82376e9058a716b04bcbaea69c591b8f,d16b177364a71860c7b7c2c870343642,b87402d83af266b640da0988c966f13b,63b8f5c04bd003ad074836b1e38e0d9f,2805fa4626c8292f36471ff6c10f51c3,f84d2c4fe96da596bab497fd72d40ac1,73fabada3b669b4f26354466082d5d9f,,,,,,,,85da00891c3defce761f3e72451ec99b,dee9fb2aace0c71b6795403763cf6ceb,4932e58351639034134937063b19c0ec,553b26c7b7bb776d90941fdf714fdc46,af27206ba729dde687d355368c4e118c,86760c04058974ecfdbed3cdd504f1a5,4b520ae7eb8b1c2f6cec217d50b70a79,c8d1c328f00399577ab3b3629ec90249

shore-prow,6b023fb,branch_commit,2023-09-30T10:52:16,,-2.1409782,0.0075709,"[1, 10, 15]",1,10,calc_sharpe,./master/data-wip,master//rcode//logic/strategy_param.yaml,master//rcode//logic/WfHelper.yaml,4,1,91cd52d7e74357426ce1934693d3c49e,2b46217cc891e09ef4cb0daa9e93805b,ac45596096649ddfc285e3898e139b90,4ba14704be4f682055e4b037b17b550f,c8334d613de86485ac0c0fd414b805f9,30a293dd56fc1f5fb5e9c9567ea88a7e,6c324516149a12cf394b27e3f3390af7,cdfdde63f148470110ffce95ec6aa01d,38c22fff894f98324734dad6b4e09702,,,,,,,,,,,,,,,85da00891c3defce761f3e72451ec99b,dee9fb2aace0c71b6795403763cf6ceb,4932e58351639034134937063b19c0ec,553b26c7b7bb776d90941fdf714fdc46,af27206ba729dde687d355368c4e118c,86760c04058974ecfdbed3cdd504f1a5,4b520ae7eb8b1c2f6cec217d50b70a79,c8d1c328f00399577ab3b3629ec90249

rural-name,734f51d,branch_commit,2023-09-30T10:51:59,,-3.2436417,0.0051547,"[1, 10, 15]",1,5,calc_sharpe,./master/data-wip,master//rcode//logic/strategy_param.yaml,master//rcode//logic/WfHelper.yaml,4,1,91cd52d7e74357426ce1934693d3c49e,2b46217cc891e09ef4cb0daa9e93805b,,,,,,,,,,,,,,,1c6b83827fba420ffc771d3eb9158906,6e391f87139f95a3f1ebdebf00b204c4,9c4d5aa2cfba6dc5f336977399de4897,e4f8ef9fb24f3397c9e205c5a3bbd276,9ae8c2151133157b1989ee6c66148633,c00196365ec73ba478867d998d07cb7f,e788bc375d3e0246abaad85617ca5c51,85da00891c3defce761f3e72451ec99b,dee9fb2aace0c71b6795403763cf6ceb,4932e58351639034134937063b19c0ec,553b26c7b7bb776d90941fdf714fdc46,af27206ba729dde687d355368c4e118c,86760c04058974ecfdbed3cdd504f1a5,4b520ae7eb8b1c2f6cec217d50b70a79,c8d1c328f00399577ab3b3629ec90249

chary-robe,c01b8d9,branch_commit,2023-09-30T10:51:41,,2.4494618,0.0020283,"[1, 10, 15]",1,1,calc_sharpe,./master/data-wip,master//rcode//logic/strategy_param.yaml,master//rcode//logic/WfHelper.yaml,4,1,91cd52d7e74357426ce1934693d3c49e,2b46217cc891e09ef4cb0daa9e93805b,,,,,,,,82376e9058a716b04bcbaea69c591b8f,d16b177364a71860c7b7c2c870343642,b87402d83af266b640da0988c966f13b,63b8f5c04bd003ad074836b1e38e0d9f,d4fd782dc749abd785bf11d9cb39be62,163d0282bb51dd0ef743a79992ab3706,dcde099eeaad74bf6b487c25dfd27ec1,,,,,,,,85da00891c3defce761f3e72451ec99b,dee9fb2aace0c71b6795403763cf6ceb,4932e58351639034134937063b19c0ec,553b26c7b7bb776d90941fdf714fdc46,af27206ba729dde687d355368c4e118c,86760c04058974ecfdbed3cdd504f1a5,4b520ae7eb8b1c2f6cec217d50b70a79,c8d1c328f00399577ab3b3629ec90249

ample-iglu,50e2210,branch_commit,2023-09-30T10:51:31,,-4.5260184,0.0075553,"[1, 10, 15]",1,10,calc_sharpe,./master/data-wip,master//rcode//logic/strategy_param.yaml,master//rcode//logic/WfHelper.yaml,3,3,91cd52d7e74357426ce1934693d3c49e,2b46217cc891e09ef4cb0daa9e93805b,ac45596096649ddfc285e3898e139b90,4ba14704be4f682055e4b037b17b550f,c8334d613de86485ac0c0fd414b805f9,30a293dd56fc1f5fb5e9c9567ea88a7e,faef25486f3abdb69c95c1fd0e3dfb10,596a439758be0f9ff09edb176d33799d,c5f863015c7a2c4600e115ba4b68ba48,,,,,,,,,,,,,,,85da00891c3defce761f3e72451ec99b,dee9fb2aace0c71b6795403763cf6ceb,4932e58351639034134937063b19c0ec,553b26c7b7bb776d90941fdf714fdc46,af27206ba729dde687d355368c4e118c,86760c04058974ecfdbed3cdd504f1a5,4b520ae7eb8b1c2f6cec217d50b70a79,c8d1c328f00399577ab3b3629ec90249

muted-mome,7082e86,branch_commit,2023-09-30T10:51:15,,-1.692321,0.0051011,"[1, 10, 15]",1,5,calc_sharpe,./master/data-wip,master//rcode//logic/strategy_param.yaml,master//rcode//logic/WfHelper.yaml,3,3,91cd52d7e74357426ce1934693d3c49e,2b46217cc891e09ef4cb0daa9e93805b,,,,,,,,,,,,,,,1c6b83827fba420ffc771d3eb9158906,6e391f87139f95a3f1ebdebf00b204c4,9c4d5aa2cfba6dc5f336977399de4897,e4f8ef9fb24f3397c9e205c5a3bbd276,d2c6c00a1a4213c01ffc8ea233663390,5863f74d207946ca49e1a3c944961ca9,945ade8921e94c1747029ffc92d443f9,85da00891c3defce761f3e72451ec99b,dee9fb2aace0c71b6795403763cf6ceb,4932e58351639034134937063b19c0ec,553b26c7b7bb776d90941fdf714fdc46,af27206ba729dde687d355368c4e118c,86760c04058974ecfdbed3cdd504f1a5,4b520ae7eb8b1c2f6cec217d50b70a79,c8d1c328f00399577ab3b3629ec90249

paper-ally,a9094a4,branch_commit,2023-09-30T10:50:58,,1.5353121,0.0020425,"[1, 10, 15]",1,1,calc_sharpe,./master/data-wip,master//rcode//logic/strategy_param.yaml,master//rcode//logic/WfHelper.yaml,3,3,91cd52d7e74357426ce1934693d3c49e,2b46217cc891e09ef4cb0daa9e93805b,,,,,,,,82376e9058a716b04bcbaea69c591b8f,d16b177364a71860c7b7c2c870343642,b87402d83af266b640da0988c966f13b,63b8f5c04bd003ad074836b1e38e0d9f,04ee58d78bcd34e5c087cd51d14096df,22c9111b6e2b0aaf32eca3ca3709ea48,2a43b6b915386921524d2d667ade627e,,,,,,,,85da00891c3defce761f3e72451ec99b,dee9fb2aace0c71b6795403763cf6ceb,4932e58351639034134937063b19c0ec,553b26c7b7bb776d90941fdf714fdc46,af27206ba729dde687d355368c4e118c,86760c04058974ecfdbed3cdd504f1a5,4b520ae7eb8b1c2f6cec217d50b70a79,c8d1c328f00399577ab3b3629ec90249

terse-hose,6b3792d,branch_commit,2023-09-30T10:50:48,,-1.8619772,0.0074625,"[1, 10, 15]",1,10,calc_sharpe,./master/data-wip,master//rcode//logic/strategy_param.yaml,master//rcode//logic/WfHelper.yaml,3,2,91cd52d7e74357426ce1934693d3c49e,2b46217cc891e09ef4cb0daa9e93805b,ac45596096649ddfc285e3898e139b90,4ba14704be4f682055e4b037b17b550f,c8334d613de86485ac0c0fd414b805f9,30a293dd56fc1f5fb5e9c9567ea88a7e,af71a705ccb9ca34aacdfa6758c8f3c2,2a2e3fbd64442119c9fe8c48b8958897,33eca14028804f5435ea3be99d802625,,,,,,,,,,,,,,,85da00891c3defce761f3e72451ec99b,dee9fb2aace0c71b6795403763cf6ceb,4932e58351639034134937063b19c0ec,553b26c7b7bb776d90941fdf714fdc46,af27206ba729dde687d355368c4e118c,86760c04058974ecfdbed3cdd504f1a5,4b520ae7eb8b1c2f6cec217d50b70a79,c8d1c328f00399577ab3b3629ec90249

nicer-sley,c7eb0b3,branch_commit,2023-09-30T10:50:31,,-0.7651728,0.0050615,"[1, 10, 15]",1,5,calc_sharpe,./master/data-wip,master//rcode//logic/strategy_param.yaml,master//rcode//logic/WfHelper.yaml,3,2,91cd52d7e74357426ce1934693d3c49e,2b46217cc891e09ef4cb0daa9e93805b,,,,,,,,,,,,,,,1c6b83827fba420ffc771d3eb9158906,6e391f87139f95a3f1ebdebf00b204c4,9c4d5aa2cfba6dc5f336977399de4897,e4f8ef9fb24f3397c9e205c5a3bbd276,25ea9bc88d31c56ed5faedc2d90b8461,5e52f87d8a2d5d56b4bafd1021d9e997,4646e2d98ee7eb71ade564bcfd115339,85da00891c3defce761f3e72451ec99b,dee9fb2aace0c71b6795403763cf6ceb,4932e58351639034134937063b19c0ec,553b26c7b7bb776d90941fdf714fdc46,af27206ba729dde687d355368c4e118c,86760c04058974ecfdbed3cdd504f1a5,4b520ae7eb8b1c2f6cec217d50b70a79,c8d1c328f00399577ab3b3629ec90249

zinky-maul,9f51944,branch_commit,2023-09-30T10:50:13,,1.0119881,0.0020105,"[1, 10, 15]",1,1,calc_sharpe,./master/data-wip,master//rcode//logic/strategy_param.yaml,master//rcode//logic/WfHelper.yaml,3,2,91cd52d7e74357426ce1934693d3c49e,2b46217cc891e09ef4cb0daa9e93805b,,,,,,,,82376e9058a716b04bcbaea69c591b8f,d16b177364a71860c7b7c2c870343642,b87402d83af266b640da0988c966f13b,63b8f5c04bd003ad074836b1e38e0d9f,286c4d2aa65a7471aa0afa0bc271fd59,899873b3833d87adb766394ae7bc792e,2100523b52287ba01dd90d033d898f17,,,,,,,,85da00891c3defce761f3e72451ec99b,dee9fb2aace0c71b6795403763cf6ceb,4932e58351639034134937063b19c0ec,553b26c7b7bb776d90941fdf714fdc46,af27206ba729dde687d355368c4e118c,86760c04058974ecfdbed3cdd504f1a5,4b520ae7eb8b1c2f6cec217d50b70a79,c8d1c328f00399577ab3b3629ec90249

minor-lamb,11d97f0,branch_commit,2023-09-30T10:50:01,,-1.3603593,0.007464,"[1, 10, 15]",1,10,calc_sharpe,./master/data-wip,master//rcode//logic/strategy_param.yaml,master//rcode//logic/WfHelper.yaml,3,1,91cd52d7e74357426ce1934693d3c49e,2b46217cc891e09ef4cb0daa9e93805b,ac45596096649ddfc285e3898e139b90,4ba14704be4f682055e4b037b17b550f,c8334d613de86485ac0c0fd414b805f9,30a293dd56fc1f5fb5e9c9567ea88a7e,e3c820d3ad486aa753ff786f5e70059b,a73126f7406ff18d629f46a11f3fde83,e00c0ab1f44ebc411301325b0d9151f2,,,,,,,,,,,,,,,85da00891c3defce761f3e72451ec99b,dee9fb2aace0c71b6795403763cf6ceb,4932e58351639034134937063b19c0ec,553b26c7b7bb776d90941fdf714fdc46,af27206ba729dde687d355368c4e118c,86760c04058974ecfdbed3cdd504f1a5,4b520ae7eb8b1c2f6cec217d50b70a79,c8d1c328f00399577ab3b3629ec90249

fiery-pony,f7ae62c,branch_commit,2023-09-30T10:49:45,,0.3421194,0.0050626,"[1, 10, 15]",1,5,calc_sharpe,./master/data-wip,master//rcode//logic/strategy_param.yaml,master//rcode//logic/WfHelper.yaml,3,1,91cd52d7e74357426ce1934693d3c49e,2b46217cc891e09ef4cb0daa9e93805b,,,,,,,,,,,,,,,1c6b83827fba420ffc771d3eb9158906,6e391f87139f95a3f1ebdebf00b204c4,9c4d5aa2cfba6dc5f336977399de4897,e4f8ef9fb24f3397c9e205c5a3bbd276,fbaa760d989fd6a0ebe8452a16af331d,cc7491e28497f66cdb1bf22d9b52a1e8,0bfad967413c942c481c039c5811b129,85da00891c3defce761f3e72451ec99b,dee9fb2aace0c71b6795403763cf6ceb,4932e58351639034134937063b19c0ec,553b26c7b7bb776d90941fdf714fdc46,af27206ba729dde687d355368c4e118c,86760c04058974ecfdbed3cdd504f1a5,4b520ae7eb8b1c2f6cec217d50b70a79,c8d1c328f00399577ab3b3629ec90249

dowdy-juts,b730c89,branch_commit,2023-09-30T10:49:28,,1.8978934,0.0019966,"[1, 10, 15]",1,1,calc_sharpe,./master/data-wip,master//rcode//logic/strategy_param.yaml,master//rcode//logic/WfHelper.yaml,3,1,91cd52d7e74357426ce1934693d3c49e,2b46217cc891e09ef4cb0daa9e93805b,,,,,,,,82376e9058a716b04bcbaea69c591b8f,d16b177364a71860c7b7c2c870343642,b87402d83af266b640da0988c966f13b,63b8f5c04bd003ad074836b1e38e0d9f,6a01b4fbd7b2306d8940104cbb0ed6b8,aebfa11a98e8369b3277d1386e094a51,253b12f57c22f796f37abe779524eb85,,,,,,,,85da00891c3defce761f3e72451ec99b,dee9fb2aace0c71b6795403763cf6ceb,4932e58351639034134937063b19c0ec,553b26c7b7bb776d90941fdf714fdc46,af27206ba729dde687d355368c4e118c,86760c04058974ecfdbed3cdd504f1a5,4b520ae7eb8b1c2f6cec217d50b70a79,c8d1c328f00399577ab3b3629ec90249

fuzzy-play,bc8b8ff,branch_commit,2023-09-30T10:49:17,,-0.9949396,0.0075211,"[1, 10, 15]",1,10,calc_sharpe,./master/data-wip,master//rcode//logic/strategy_param.yaml,master//rcode//logic/WfHelper.yaml,2,3,91cd52d7e74357426ce1934693d3c49e,2b46217cc891e09ef4cb0daa9e93805b,ac45596096649ddfc285e3898e139b90,4ba14704be4f682055e4b037b17b550f,c8334d613de86485ac0c0fd414b805f9,30a293dd56fc1f5fb5e9c9567ea88a7e,8a32feeef8c92f0f3e95c8a671af6889,39cc039efff8f07b4e3f23d58efbf56d,62f4d0870a1c1e4942816436be92a61c,,,,,,,,,,,,,,,85da00891c3defce761f3e72451ec99b,dee9fb2aace0c71b6795403763cf6ceb,4932e58351639034134937063b19c0ec,553b26c7b7bb776d90941fdf714fdc46,af27206ba729dde687d355368c4e118c,86760c04058974ecfdbed3cdd504f1a5,4b520ae7eb8b1c2f6cec217d50b70a79,c8d1c328f00399577ab3b3629ec90249

runty-chat,5d1c795,branch_commit,2023-09-30T10:49:00,,-3.1339978,0.0050908,"[1, 10, 15]",1,5,calc_sharpe,./master/data-wip,master//rcode//logic/strategy_param.yaml,master//rcode//logic/WfHelper.yaml,2,3,91cd52d7e74357426ce1934693d3c49e,2b46217cc891e09ef4cb0daa9e93805b,,,,,,,,,,,,,,,1c6b83827fba420ffc771d3eb9158906,6e391f87139f95a3f1ebdebf00b204c4,9c4d5aa2cfba6dc5f336977399de4897,e4f8ef9fb24f3397c9e205c5a3bbd276,dc6ffbc8cf86ef6e8fe090fbc8d24789,65843a1e6287a051b946cbc194763c0a,4a9f9fb9391dab9d04613b4c3f8a25db,85da00891c3defce761f3e72451ec99b,dee9fb2aace0c71b6795403763cf6ceb,4932e58351639034134937063b19c0ec,553b26c7b7bb776d90941fdf714fdc46,af27206ba729dde687d355368c4e118c,86760c04058974ecfdbed3cdd504f1a5,4b520ae7eb8b1c2f6cec217d50b70a79,c8d1c328f00399577ab3b3629ec90249

lushy-huck,3b208b4,branch_commit,2023-09-30T10:48:43,,1.2691108,0.0019714,"[1, 10, 15]",1,1,calc_sharpe,./master/data-wip,master//rcode//logic/strategy_param.yaml,master//rcode//logic/WfHelper.yaml,2,3,91cd52d7e74357426ce1934693d3c49e,2b46217cc891e09ef4cb0daa9e93805b,,,,,,,,82376e9058a716b04bcbaea69c591b8f,d16b177364a71860c7b7c2c870343642,b87402d83af266b640da0988c966f13b,63b8f5c04bd003ad074836b1e38e0d9f,7f4628d29e85ca3c998fa237ee206a27,03bbf98d3f33a46eb6f835c54a7b02f6,55357a77d159dbe164b255b9ee4bb96c,,,,,,,,85da00891c3defce761f3e72451ec99b,dee9fb2aace0c71b6795403763cf6ceb,4932e58351639034134937063b19c0ec,553b26c7b7bb776d90941fdf714fdc46,af27206ba729dde687d355368c4e118c,86760c04058974ecfdbed3cdd504f1a5,4b520ae7eb8b1c2f6cec217d50b70a79,c8d1c328f00399577ab3b3629ec90249

hired-gram,b92546e,branch_commit,2023-09-30T10:48:31,,-0.4618883,0.0074266,"[1, 10, 15]",1,10,calc_sharpe,./master/data-wip,master//rcode//logic/strategy_param.yaml,master//rcode//logic/WfHelper.yaml,2,2,91cd52d7e74357426ce1934693d3c49e,2b46217cc891e09ef4cb0daa9e93805b,ac45596096649ddfc285e3898e139b90,4ba14704be4f682055e4b037b17b550f,c8334d613de86485ac0c0fd414b805f9,30a293dd56fc1f5fb5e9c9567ea88a7e,cbfd990ea91c07f061cd180cffe629b5,84d7de73a8ef72e5958e36fef9f6afad,a73d8d5263ea67fad00d88ff490babf7,,,,,,,,,,,,,,,85da00891c3defce761f3e72451ec99b,dee9fb2aace0c71b6795403763cf6ceb,4932e58351639034134937063b19c0ec,553b26c7b7bb776d90941fdf714fdc46,af27206ba729dde687d355368c4e118c,86760c04058974ecfdbed3cdd504f1a5,4b520ae7eb8b1c2f6cec217d50b70a79,c8d1c328f00399577ab3b3629ec90249

dread-cwms,7365ced,branch_commit,2023-09-30T10:48:13,,-1.4141495,0.0050187,"[1, 10, 15]",1,5,calc_sharpe,./master/data-wip,master//rcode//logic/strategy_param.yaml,master//rcode//logic/WfHelper.yaml,2,2,91cd52d7e74357426ce1934693d3c49e,2b46217cc891e09ef4cb0daa9e93805b,,,,,,,,,,,,,,,1c6b83827fba420ffc771d3eb9158906,6e391f87139f95a3f1ebdebf00b204c4,9c4d5aa2cfba6dc5f336977399de4897,e4f8ef9fb24f3397c9e205c5a3bbd276,199bd36f2416dd6603e92a346f17019c,559cfe628af3242e52f25824a07c6888,e82d5fbf3c2e27c68dfe0dd0f83fd298,85da00891c3defce761f3e72451ec99b,dee9fb2aace0c71b6795403763cf6ceb,4932e58351639034134937063b19c0ec,553b26c7b7bb776d90941fdf714fdc46,af27206ba729dde687d355368c4e118c,86760c04058974ecfdbed3cdd504f1a5,4b520ae7eb8b1c2f6cec217d50b70a79,c8d1c328f00399577ab3b3629ec90249

later-rial,092f230,branch_commit,2023-09-30T10:47:53,,0.9826363,0.0019712,"[1, 10, 15]",1,1,calc_sharpe,./master/data-wip,master//rcode//logic/strategy_param.yaml,master//rcode//logic/WfHelper.yaml,2,2,91cd52d7e74357426ce1934693d3c49e,2b46217cc891e09ef4cb0daa9e93805b,,,,,,,,82376e9058a716b04bcbaea69c591b8f,d16b177364a71860c7b7c2c870343642,b87402d83af266b640da0988c966f13b,63b8f5c04bd003ad074836b1e38e0d9f,ac336bf2bd1c2d590f908e1fc6cc5d87,1cb5fda8235678d8e3cd02a64c6415bb,6235b4770cc436cdabecc7a6a4f4bc12,,,,,,,,85da00891c3defce761f3e72451ec99b,dee9fb2aace0c71b6795403763cf6ceb,4932e58351639034134937063b19c0ec,553b26c7b7bb776d90941fdf714fdc46,af27206ba729dde687d355368c4e118c,86760c04058974ecfdbed3cdd504f1a5,4b520ae7eb8b1c2f6cec217d50b70a79,c8d1c328f00399577ab3b3629ec90249

tarry-gang,b63160e,branch_commit,2023-09-30T10:47:40,,-3.8518511,0.0073522,"[1, 10, 15]",1,10,calc_sharpe,./master/data-wip,master//rcode//logic/strategy_param.yaml,master//rcode//logic/WfHelper.yaml,2,1,91cd52d7e74357426ce1934693d3c49e,2b46217cc891e09ef4cb0daa9e93805b,ac45596096649ddfc285e3898e139b90,4ba14704be4f682055e4b037b17b550f,c8334d613de86485ac0c0fd414b805f9,30a293dd56fc1f5fb5e9c9567ea88a7e,5fe41268c7adb850fe3243dc90415ad8,108631e3aefe6258cbfc17ed8614705e,fbdeeb349489bebd7798f3e2ffe4ed5f,,,,,,,,,,,,,,,85da00891c3defce761f3e72451ec99b,dee9fb2aace0c71b6795403763cf6ceb,4932e58351639034134937063b19c0ec,553b26c7b7bb776d90941fdf714fdc46,af27206ba729dde687d355368c4e118c,86760c04058974ecfdbed3cdd504f1a5,4b520ae7eb8b1c2f6cec217d50b70a79,c8d1c328f00399577ab3b3629ec90249

ruled-eyas,631ebd8,branch_commit,2023-09-30T10:47:21,,-1.1639204,0.004987,"[1, 10, 15]",1,5,calc_sharpe,./master/data-wip,master//rcode//logic/strategy_param.yaml,master//rcode//logic/WfHelper.yaml,2,1,91cd52d7e74357426ce1934693d3c49e,2b46217cc891e09ef4cb0daa9e93805b,,,,,,,,,,,,,,,1c6b83827fba420ffc771d3eb9158906,6e391f87139f95a3f1ebdebf00b204c4,9c4d5aa2cfba6dc5f336977399de4897,e4f8ef9fb24f3397c9e205c5a3bbd276,c444343a8fae5f6fa65cc5d819d56960,28cfd523abcf9982a3b7ad791451a356,d4d4366877a0bd7fa41855ac3c4f699d,85da00891c3defce761f3e72451ec99b,dee9fb2aace0c71b6795403763cf6ceb,4932e58351639034134937063b19c0ec,553b26c7b7bb776d90941fdf714fdc46,af27206ba729dde687d355368c4e118c,86760c04058974ecfdbed3cdd504f1a5,4b520ae7eb8b1c2f6cec217d50b70a79,c8d1c328f00399577ab3b3629ec90249

pique-dabs,9adb751,branch_commit,2023-09-30T10:47:01,,1.2328632,0.0019696,"[1, 10, 15]",1,1,calc_sharpe,./master/data-wip,master//rcode//logic/strategy_param.yaml,master//rcode//logic/WfHelper.yaml,2,1,91cd52d7e74357426ce1934693d3c49e,2b46217cc891e09ef4cb0daa9e93805b,,,,,,,,82376e9058a716b04bcbaea69c591b8f,d16b177364a71860c7b7c2c870343642,b87402d83af266b640da0988c966f13b,63b8f5c04bd003ad074836b1e38e0d9f,df082e44b96ba45cd5b989d70f84b83f,365c148260e3decc296807952aabdbde,e28152dd3c9ea476bfca0056998824e2,,,,,,,,85da00891c3defce761f3e72451ec99b,dee9fb2aace0c71b6795403763cf6ceb,4932e58351639034134937063b19c0ec,553b26c7b7bb776d90941fdf714fdc46,af27206ba729dde687d355368c4e118c,86760c04058974ecfdbed3cdd504f1a5,4b520ae7eb8b1c2f6cec217d50b70a79,c8d1c328f00399577ab3b3629ec90249

erect-nark,ac10b9f,branch_commit,2023-09-30T10:46:48,,-0.7921187,0.0072416,"[1, 10, 15]",1,10,calc_sharpe,./master/data-wip,master//rcode//logic/strategy_param.yaml,master//rcode//logic/WfHelper.yaml,1,3,91cd52d7e74357426ce1934693d3c49e,2b46217cc891e09ef4cb0daa9e93805b,ac45596096649ddfc285e3898e139b90,4ba14704be4f682055e4b037b17b550f,c8334d613de86485ac0c0fd414b805f9,30a293dd56fc1f5fb5e9c9567ea88a7e,c94e4b7fc1306d3f92c0625b8958c34a,cad9f80c59b291e948d67161a58bf895,76bbc965612a0c15d6cfe6ab76724a81,,,,,,,,,,,,,,,85da00891c3defce761f3e72451ec99b,dee9fb2aace0c71b6795403763cf6ceb,4932e58351639034134937063b19c0ec,553b26c7b7bb776d90941fdf714fdc46,af27206ba729dde687d355368c4e118c,86760c04058974ecfdbed3cdd504f1a5,4b520ae7eb8b1c2f6cec217d50b70a79,c8d1c328f00399577ab3b3629ec90249

bored-zila,5dd4920,branch_commit,2023-09-30T10:46:29,,-1.7244001,0.0049431,"[1, 10, 15]",1,5,calc_sharpe,./master/data-wip,master//rcode//logic/strategy_param.yaml,master//rcode//logic/WfHelper.yaml,1,3,91cd52d7e74357426ce1934693d3c49e,2b46217cc891e09ef4cb0daa9e93805b,,,,,,,,,,,,,,,1c6b83827fba420ffc771d3eb9158906,6e391f87139f95a3f1ebdebf00b204c4,9c4d5aa2cfba6dc5f336977399de4897,e4f8ef9fb24f3397c9e205c5a3bbd276,81dc496b165b2a6fb8f5d9299efd4bfe,5b8f51220118256a01c136e7d7f81b4d,bac0df8e221acef4b1bf665ede99c0fe,85da00891c3defce761f3e72451ec99b,dee9fb2aace0c71b6795403763cf6ceb,4932e58351639034134937063b19c0ec,553b26c7b7bb776d90941fdf714fdc46,af27206ba729dde687d355368c4e118c,86760c04058974ecfdbed3cdd504f1a5,4b520ae7eb8b1c2f6cec217d50b70a79,c8d1c328f00399577ab3b3629ec90249

blear-mays,be45e53,branch_commit,2023-09-30T10:46:10,,2.331538,0.0019647,"[1, 10, 15]",1,1,calc_sharpe,./master/data-wip,master//rcode//logic/strategy_param.yaml,master//rcode//logic/WfHelper.yaml,1,3,91cd52d7e74357426ce1934693d3c49e,2b46217cc891e09ef4cb0daa9e93805b,,,,,,,,82376e9058a716b04bcbaea69c591b8f,d16b177364a71860c7b7c2c870343642,b87402d83af266b640da0988c966f13b,63b8f5c04bd003ad074836b1e38e0d9f,66d8699c0fb0bd9c7433ae1828e6895e,ee005cc1af06aa332a387627c7ae18f0,aa9b14672019ae9d820665e32f60c2e4,,,,,,,,85da00891c3defce761f3e72451ec99b,dee9fb2aace0c71b6795403763cf6ceb,4932e58351639034134937063b19c0ec,553b26c7b7bb776d90941fdf714fdc46,af27206ba729dde687d355368c4e118c,86760c04058974ecfdbed3cdd504f1a5,4b520ae7eb8b1c2f6cec217d50b70a79,c8d1c328f00399577ab3b3629ec90249

oared-fare,5149326,branch_commit,2023-09-30T10:45:58,,-1.1846441,0.0072436,"[1, 10, 15]",1,10,calc_sharpe,./master/data-wip,master//rcode//logic/strategy_param.yaml,master//rcode//logic/WfHelper.yaml,1,2,91cd52d7e74357426ce1934693d3c49e,2b46217cc891e09ef4cb0daa9e93805b,ac45596096649ddfc285e3898e139b90,4ba14704be4f682055e4b037b17b550f,c8334d613de86485ac0c0fd414b805f9,30a293dd56fc1f5fb5e9c9567ea88a7e,e9dc8027bf8c144d30bce73edd842818,f17be60cd1bf4f3b9408a0a9c201a14f,985b612da7634f1927e06dc155c442b1,,,,,,,,,,,,,,,85da00891c3defce761f3e72451ec99b,dee9fb2aace0c71b6795403763cf6ceb,4932e58351639034134937063b19c0ec,553b26c7b7bb776d90941fdf714fdc46,af27206ba729dde687d355368c4e118c,86760c04058974ecfdbed3cdd504f1a5,4b520ae7eb8b1c2f6cec217d50b70a79,c8d1c328f00399577ab3b3629ec90249

dormy-darg,7ee619a,branch_commit,2023-09-30T10:45:42,,-2.6660001,0.0049455,"[1, 10, 15]",1,5,calc_sharpe,./master/data-wip,master//rcode//logic/strategy_param.yaml,master//rcode//logic/WfHelper.yaml,1,2,91cd52d7e74357426ce1934693d3c49e,2b46217cc891e09ef4cb0daa9e93805b,,,,,,,,,,,,,,,1c6b83827fba420ffc771d3eb9158906,6e391f87139f95a3f1ebdebf00b204c4,9c4d5aa2cfba6dc5f336977399de4897,e4f8ef9fb24f3397c9e205c5a3bbd276,22e560859ee970c6ccb2fa14a10e44d1,704d82556b8a5a87dde54896625952a6,cdc87ef7a29cd2145e8c050873122fde,85da00891c3defce761f3e72451ec99b,dee9fb2aace0c71b6795403763cf6ceb,4932e58351639034134937063b19c0ec,553b26c7b7bb776d90941fdf714fdc46,af27206ba729dde687d355368c4e118c,86760c04058974ecfdbed3cdd504f1a5,4b520ae7eb8b1c2f6cec217d50b70a79,c8d1c328f00399577ab3b3629ec90249

fusil-brio,628988e,branch_commit,2023-09-30T10:45:24,,2.6030513,0.0019646,"[1, 10, 15]",1,1,calc_sharpe,./master/data-wip,master//rcode//logic/strategy_param.yaml,master//rcode//logic/WfHelper.yaml,1,2,91cd52d7e74357426ce1934693d3c49e,2b46217cc891e09ef4cb0daa9e93805b,,,,,,,,82376e9058a716b04bcbaea69c591b8f,d16b177364a71860c7b7c2c870343642,b87402d83af266b640da0988c966f13b,63b8f5c04bd003ad074836b1e38e0d9f,be6317af4b17a3f44e71686acc6e69b5,dafa58f38d461b4721067c568e08cd5e,7253c71e1bc81f32e0f971ee43f8b838,,,,,,,,85da00891c3defce761f3e72451ec99b,dee9fb2aace0c71b6795403763cf6ceb,4932e58351639034134937063b19c0ec,553b26c7b7bb776d90941fdf714fdc46,af27206ba729dde687d355368c4e118c,86760c04058974ecfdbed3cdd504f1a5,4b520ae7eb8b1c2f6cec217d50b70a79,c8d1c328f00399577ab3b3629ec90249

alive-rain,024870f,branch_commit,2023-09-30T10:45:13,,-1.15767,0.0072421,"[1, 10, 15]",1,10,calc_sharpe,./master/data-wip,master//rcode//logic/strategy_param.yaml,master//rcode//logic/WfHelper.yaml,1,1,91cd52d7e74357426ce1934693d3c49e,2b46217cc891e09ef4cb0daa9e93805b,ac45596096649ddfc285e3898e139b90,4ba14704be4f682055e4b037b17b550f,c8334d613de86485ac0c0fd414b805f9,30a293dd56fc1f5fb5e9c9567ea88a7e,9e27786ee7faa47a14bde86dc226824a,dbc7fd55ebf0cced2827e8afd6b8c6fe,6c174408dae0dd5831e14b5d551522a3,,,,,,,,,,,,,,,85da00891c3defce761f3e72451ec99b,dee9fb2aace0c71b6795403763cf6ceb,4932e58351639034134937063b19c0ec,553b26c7b7bb776d90941fdf714fdc46,af27206ba729dde687d355368c4e118c,86760c04058974ecfdbed3cdd504f1a5,4b520ae7eb8b1c2f6cec217d50b70a79,c8d1c328f00399577ab3b3629ec90249

roily-gird,ab78c2e,branch_commit,2023-09-30T10:44:42,,-1.7352209,0.0049454,"[1, 10, 15]",1,5,calc_sharpe,./master/data-wip,master//rcode//logic/strategy_param.yaml,master//rcode//logic/WfHelper.yaml,1,1,91cd52d7e74357426ce1934693d3c49e,2b46217cc891e09ef4cb0daa9e93805b,,,,,,,,,,,,,,,1c6b83827fba420ffc771d3eb9158906,6e391f87139f95a3f1ebdebf00b204c4,9c4d5aa2cfba6dc5f336977399de4897,e4f8ef9fb24f3397c9e205c5a3bbd276,64556cb7af06c637fa50deba74f81a3a,ba8b4ab3a496c4fb4df7acd7d6efc4bd,07a321ca42578ab95d783f21bd3f74ec,85da00891c3defce761f3e72451ec99b,dee9fb2aace0c71b6795403763cf6ceb,4932e58351639034134937063b19c0ec,553b26c7b7bb776d90941fdf714fdc46,af27206ba729dde687d355368c4e118c,86760c04058974ecfdbed3cdd504f1a5,4b520ae7eb8b1c2f6cec217d50b70a79,c8d1c328f00399577ab3b3629ec90249

smart-tosh,f399197,branch_commit,2023-09-30T10:44:09,,2.7366419,0.0019543,"[1, 10, 15]",1,1,calc_sharpe,./master/data-wip,master//rcode//logic/strategy_param.yaml,master//rcode//logic/WfHelper.yaml,1,1,91cd52d7e74357426ce1934693d3c49e,2b46217cc891e09ef4cb0daa9e93805b,,,,,,,,82376e9058a716b04bcbaea69c591b8f,d16b177364a71860c7b7c2c870343642,b87402d83af266b640da0988c966f13b,63b8f5c04bd003ad074836b1e38e0d9f,04dd7db31aeab6799e9db1f78c8eb853,cbe9b5f74f552253c034517d1d2e165a,de5b47e7fc86cca259f6126aa9d39c42,,,,,,,,85da00891c3defce761f3e72451ec99b,dee9fb2aace0c71b6795403763cf6ceb,4932e58351639034134937063b19c0ec,553b26c7b7bb776d90941fdf714fdc46,af27206ba729dde687d355368c4e118c,86760c04058974ecfdbed3cdd504f1a5,4b520ae7eb8b1c2f6cec217d50b70a79,c8d1c328f00399577ab3b3629ec90249

reeky-cane,8bb3dab,branch_commit,2023-09-30T10:20:07,,0.7258212,0.0022524,"[1, 10, 15]",1,1,calc_sharpe,./master/data-wip,master//rcode//logic/strategy_param.yaml,master//rcode//logic/WfHelper.yaml,7,5,91cd52d7e74357426ce1934693d3c49e,2b46217cc891e09ef4cb0daa9e93805b,,,,,,,,82376e9058a716b04bcbaea69c591b8f,d16b177364a71860c7b7c2c870343642,b87402d83af266b640da0988c966f13b,63b8f5c04bd003ad074836b1e38e0d9f,25d5b5f5eef27f0be9af8cea30112163,feabdbbcefbe4e5befbd3a1caaf518a5,1806a4de777d49a77550c625943f4e41,,,,,,,,85da00891c3defce761f3e72451ec99b,dee9fb2aace0c71b6795403763cf6ceb,4932e58351639034134937063b19c0ec,553b26c7b7bb776d90941fdf714fdc46,4e3e0a9dfa866722a7cf451fbcfde815,86760c04058974ecfdbed3cdd504f1a5,4b520ae7eb8b1c2f6cec217d50b70a79,c8d1c328f00399577ab3b3629ec90249

jerky-bani,e7778ed,branch_commit,2023-09-30T10:19:50,,2.5855879,0.0022477,"[1, 10, 15]",1,1,calc_sharpe,./master/data-wip,master//rcode//logic/strategy_param.yaml,master//rcode//logic/WfHelper.yaml,7,4,91cd52d7e74357426ce1934693d3c49e,2b46217cc891e09ef4cb0daa9e93805b,,,,,,,,82376e9058a716b04bcbaea69c591b8f,d16b177364a71860c7b7c2c870343642,b87402d83af266b640da0988c966f13b,63b8f5c04bd003ad074836b1e38e0d9f,e2d1288183a88cb14743ebf34f346992,e0b1527e184eea287a3fafae003a48a2,1b2a9aebe30c46ddb1a1a0a89713d937,,,,,,,,85da00891c3defce761f3e72451ec99b,dee9fb2aace0c71b6795403763cf6ceb,4932e58351639034134937063b19c0ec,553b26c7b7bb776d90941fdf714fdc46,4e3e0a9dfa866722a7cf451fbcfde815,86760c04058974ecfdbed3cdd504f1a5,4b520ae7eb8b1c2f6cec217d50b70a79,c8d1c328f00399577ab3b3629ec90249

level-magi,ae4e049,branch_commit,2023-09-30T10:19:33,,-0.7200285,0.0021696,"[1, 10, 15]",1,1,calc_sharpe,./master/data-wip,master//rcode//logic/strategy_param.yaml,master//rcode//logic/WfHelper.yaml,7,3,91cd52d7e74357426ce1934693d3c49e,2b46217cc891e09ef4cb0daa9e93805b,,,,,,,,82376e9058a716b04bcbaea69c591b8f,d16b177364a71860c7b7c2c870343642,b87402d83af266b640da0988c966f13b,63b8f5c04bd003ad074836b1e38e0d9f,fff9a3594276962ffa9ddc48fe8ef1bf,c4482d3552e766630f3eeb728e1c754f,181078320a2a95a5682aebc3d64a6ad6,,,,,,,,85da00891c3defce761f3e72451ec99b,dee9fb2aace0c71b6795403763cf6ceb,4932e58351639034134937063b19c0ec,553b26c7b7bb776d90941fdf714fdc46,4e3e0a9dfa866722a7cf451fbcfde815,86760c04058974ecfdbed3cdd504f1a5,4b520ae7eb8b1c2f6cec217d50b70a79,c8d1c328f00399577ab3b3629ec90249

fuggy-loir,74a0f5f,branch_commit,2023-09-30T10:19:16,,0.0607036,0.0021701,"[1, 10, 15]",1,1,calc_sharpe,./master/data-wip,master//rcode//logic/strategy_param.yaml,master//rcode//logic/WfHelper.yaml,7,2,91cd52d7e74357426ce1934693d3c49e,2b46217cc891e09ef4cb0daa9e93805b,,,,,,,,82376e9058a716b04bcbaea69c591b8f,d16b177364a71860c7b7c2c870343642,b87402d83af266b640da0988c966f13b,63b8f5c04bd003ad074836b1e38e0d9f,99f84579d3a70cd01c6f3fb49df6c7db,a805136e9262136ba69c05ca0905c8f2,78e8303858ed11ff7e7b973260af7d72,,,,,,,,85da00891c3defce761f3e72451ec99b,dee9fb2aace0c71b6795403763cf6ceb,4932e58351639034134937063b19c0ec,553b26c7b7bb776d90941fdf714fdc46,4e3e0a9dfa866722a7cf451fbcfde815,86760c04058974ecfdbed3cdd504f1a5,4b520ae7eb8b1c2f6cec217d50b70a79,c8d1c328f00399577ab3b3629ec90249

sheen-lama,c3b76f3,branch_commit,2023-09-30T10:18:57,,0.7410985,0.0021454,"[1, 10, 15]",1,1,calc_sharpe,./master/data-wip,master//rcode//logic/strategy_param.yaml,master//rcode//logic/WfHelper.yaml,7,1,91cd52d7e74357426ce1934693d3c49e,2b46217cc891e09ef4cb0daa9e93805b,,,,,,,,82376e9058a716b04bcbaea69c591b8f,d16b177364a71860c7b7c2c870343642,b87402d83af266b640da0988c966f13b,63b8f5c04bd003ad074836b1e38e0d9f,008b4fb3b50d08095e00478389ed0dee,07763053c60401b08d4c4d8234cdc256,0f8451c72e0a02d14e06bbe58cfe4aa8,,,,,,,,85da00891c3defce761f3e72451ec99b,dee9fb2aace0c71b6795403763cf6ceb,4932e58351639034134937063b19c0ec,553b26c7b7bb776d90941fdf714fdc46,4e3e0a9dfa866722a7cf451fbcfde815,86760c04058974ecfdbed3cdd504f1a5,4b520ae7eb8b1c2f6cec217d50b70a79,c8d1c328f00399577ab3b3629ec90249

basal-pees,70b1634,branch_commit,2023-09-30T10:18:37,,-1.1777338,0.0021046,"[1, 10, 15]",1,1,calc_sharpe,./master/data-wip,master//rcode//logic/strategy_param.yaml,master//rcode//logic/WfHelper.yaml,6,5,91cd52d7e74357426ce1934693d3c49e,2b46217cc891e09ef4cb0daa9e93805b,,,,,,,,82376e9058a716b04bcbaea69c591b8f,d16b177364a71860c7b7c2c870343642,b87402d83af266b640da0988c966f13b,63b8f5c04bd003ad074836b1e38e0d9f,e4f19390ba5ba1d6d4a2cc48ae404610,03d3b7abd0b3613b656b0788b9e54ea5,9a6b7d0fab18cbd0ba5f6f4c2c768186,,,,,,,,85da00891c3defce761f3e72451ec99b,dee9fb2aace0c71b6795403763cf6ceb,4932e58351639034134937063b19c0ec,553b26c7b7bb776d90941fdf714fdc46,4e3e0a9dfa866722a7cf451fbcfde815,86760c04058974ecfdbed3cdd504f1a5,4b520ae7eb8b1c2f6cec217d50b70a79,c8d1c328f00399577ab3b3629ec90249

cruel-hugs,0fd6cf6,branch_commit,2023-09-30T10:18:21,,-1.626918,0.0021015,"[1, 10, 15]",1,1,calc_sharpe,./master/data-wip,master//rcode//logic/strategy_param.yaml,master//rcode//logic/WfHelper.yaml,6,4,91cd52d7e74357426ce1934693d3c49e,2b46217cc891e09ef4cb0daa9e93805b,,,,,,,,82376e9058a716b04bcbaea69c591b8f,d16b177364a71860c7b7c2c870343642,b87402d83af266b640da0988c966f13b,63b8f5c04bd003ad074836b1e38e0d9f,be29864f7937a9fd2cac9cf9f0879fee,f97901b3d6f8281803129f74df6f3bb8,0361e94c9dce9955cefa5eb6b9ef05de,,,,,,,,85da00891c3defce761f3e72451ec99b,dee9fb2aace0c71b6795403763cf6ceb,4932e58351639034134937063b19c0ec,553b26c7b7bb776d90941fdf714fdc46,4e3e0a9dfa866722a7cf451fbcfde815,86760c04058974ecfdbed3cdd504f1a5,4b520ae7eb8b1c2f6cec217d50b70a79,c8d1c328f00399577ab3b3629ec90249

slant-hoot,30db687,branch_commit,2023-09-30T10:18:04,,0.527465,0.0021646,"[1, 10, 15]",1,1,calc_sharpe,./master/data-wip,master//rcode//logic/strategy_param.yaml,master//rcode//logic/WfHelper.yaml,6,3,91cd52d7e74357426ce1934693d3c49e,2b46217cc891e09ef4cb0daa9e93805b,,,,,,,,82376e9058a716b04bcbaea69c591b8f,d16b177364a71860c7b7c2c870343642,b87402d83af266b640da0988c966f13b,63b8f5c04bd003ad074836b1e38e0d9f,22e3fdb01ad9bb520c578eba9de48280,1751679fb4ac87ce4026ef90901b548e,9f3e429c1d52f847fdef7aa3a15c4d38,,,,,,,,85da00891c3defce761f3e72451ec99b,dee9fb2aace0c71b6795403763cf6ceb,4932e58351639034134937063b19c0ec,553b26c7b7bb776d90941fdf714fdc46,4e3e0a9dfa866722a7cf451fbcfde815,86760c04058974ecfdbed3cdd504f1a5,4b520ae7eb8b1c2f6cec217d50b70a79,c8d1c328f00399577ab3b3629ec90249

amiss-coed,31b36cb,branch_commit,2023-09-30T10:17:46,,-2.2061561,0.0021047,"[1, 10, 15]",1,1,calc_sharpe,./master/data-wip,master//rcode//logic/strategy_param.yaml,master//rcode//logic/WfHelper.yaml,6,2,91cd52d7e74357426ce1934693d3c49e,2b46217cc891e09ef4cb0daa9e93805b,,,,,,,,82376e9058a716b04bcbaea69c591b8f,d16b177364a71860c7b7c2c870343642,b87402d83af266b640da0988c966f13b,63b8f5c04bd003ad074836b1e38e0d9f,7bfec0708ef49b4b8694156664777a76,b90f8c4afee25d8e79bda45be12457ea,079d603f4a418746ab64d1c0fc13acbf,,,,,,,,85da00891c3defce761f3e72451ec99b,dee9fb2aace0c71b6795403763cf6ceb,4932e58351639034134937063b19c0ec,553b26c7b7bb776d90941fdf714fdc46,4e3e0a9dfa866722a7cf451fbcfde815,86760c04058974ecfdbed3cdd504f1a5,4b520ae7eb8b1c2f6cec217d50b70a79,c8d1c328f00399577ab3b3629ec90249

aroid-tamp,f6ffcce,branch_commit,2023-09-30T10:17:28,,1.5812648,0.0021036,"[1, 10, 15]",1,1,calc_sharpe,./master/data-wip,master//rcode//logic/strategy_param.yaml,master//rcode//logic/WfHelper.yaml,6,1,91cd52d7e74357426ce1934693d3c49e,2b46217cc891e09ef4cb0daa9e93805b,,,,,,,,82376e9058a716b04bcbaea69c591b8f,d16b177364a71860c7b7c2c870343642,b87402d83af266b640da0988c966f13b,63b8f5c04bd003ad074836b1e38e0d9f,a04956ddfc7e859d36f4a3fff36304c1,b3326b207575748c407fce87930b37df,f0222a29e6f98cb765ea42f62bfecea8,,,,,,,,85da00891c3defce761f3e72451ec99b,dee9fb2aace0c71b6795403763cf6ceb,4932e58351639034134937063b19c0ec,553b26c7b7bb776d90941fdf714fdc46,4e3e0a9dfa866722a7cf451fbcfde815,86760c04058974ecfdbed3cdd504f1a5,4b520ae7eb8b1c2f6cec217d50b70a79,c8d1c328f00399577ab3b3629ec90249

bowed-slaw,434e57a,branch_commit,2023-09-30T10:17:06,,-2.2234139,0.0020795,"[1, 10, 15]",1,1,calc_sharpe,./master/data-wip,master//rcode//logic/strategy_param.yaml,master//rcode//logic/WfHelper.yaml,5,5,91cd52d7e74357426ce1934693d3c49e,2b46217cc891e09ef4cb0daa9e93805b,,,,,,,,82376e9058a716b04bcbaea69c591b8f,d16b177364a71860c7b7c2c870343642,b87402d83af266b640da0988c966f13b,63b8f5c04bd003ad074836b1e38e0d9f,8bf3ed1548478d5d147a6420e7715bd2,12bd8509c0dca2e5769ccf60d6e7f49d,c483b2f6c4d8d0b7527b013c3ed39da3,,,,,,,,85da00891c3defce761f3e72451ec99b,dee9fb2aace0c71b6795403763cf6ceb,4932e58351639034134937063b19c0ec,553b26c7b7bb776d90941fdf714fdc46,4e3e0a9dfa866722a7cf451fbcfde815,86760c04058974ecfdbed3cdd504f1a5,4b520ae7eb8b1c2f6cec217d50b70a79,c8d1c328f00399577ab3b3629ec90249

ready-flea,74a9687,branch_commit,2023-09-30T10:16:47,,-3.239006,0.0020792,"[1, 10, 15]",1,1,calc_sharpe,./master/data-wip,master//rcode//logic/strategy_param.yaml,master//rcode//logic/WfHelper.yaml,5,4,91cd52d7e74357426ce1934693d3c49e,2b46217cc891e09ef4cb0daa9e93805b,,,,,,,,82376e9058a716b04bcbaea69c591b8f,d16b177364a71860c7b7c2c870343642,b87402d83af266b640da0988c966f13b,63b8f5c04bd003ad074836b1e38e0d9f,55aee40551ffe15e5c4342379bcfd3ff,c61bcc464ba8248b23d4ed0c946c8811,3a52f768be5c0f240bd9e18bffa755d9,,,,,,,,85da00891c3defce761f3e72451ec99b,dee9fb2aace0c71b6795403763cf6ceb,4932e58351639034134937063b19c0ec,553b26c7b7bb776d90941fdf714fdc46,4e3e0a9dfa866722a7cf451fbcfde815,86760c04058974ecfdbed3cdd504f1a5,4b520ae7eb8b1c2f6cec217d50b70a79,c8d1c328f00399577ab3b3629ec90249

downy-prow,bb012a3,branch_commit,2023-09-30T10:16:30,,3.1985538,0.0020609,"[1, 10, 15]",1,1,calc_sharpe,./master/data-wip,master//rcode//logic/strategy_param.yaml,master//rcode//logic/WfHelper.yaml,5,3,91cd52d7e74357426ce1934693d3c49e,2b46217cc891e09ef4cb0daa9e93805b,,,,,,,,82376e9058a716b04bcbaea69c591b8f,d16b177364a71860c7b7c2c870343642,b87402d83af266b640da0988c966f13b,63b8f5c04bd003ad074836b1e38e0d9f,2b72cc8daa254a745b772af56fdaa501,bd845bb7ea874384a9e76bd6a761f04f,94af00d07fa07d3d68372e149e5fe716,,,,,,,,85da00891c3defce761f3e72451ec99b,dee9fb2aace0c71b6795403763cf6ceb,4932e58351639034134937063b19c0ec,553b26c7b7bb776d90941fdf714fdc46,4e3e0a9dfa866722a7cf451fbcfde815,86760c04058974ecfdbed3cdd504f1a5,4b520ae7eb8b1c2f6cec217d50b70a79,c8d1c328f00399577ab3b3629ec90249

sewed-maya,cd1d4e0,branch_commit,2023-09-30T10:16:14,,-3.0254265,0.0020797,"[1, 10, 15]",1,1,calc_sharpe,./master/data-wip,master//rcode//logic/strategy_param.yaml,master//rcode//logic/WfHelper.yaml,5,2,91cd52d7e74357426ce1934693d3c49e,2b46217cc891e09ef4cb0daa9e93805b,,,,,,,,82376e9058a716b04bcbaea69c591b8f,d16b177364a71860c7b7c2c870343642,b87402d83af266b640da0988c966f13b,63b8f5c04bd003ad074836b1e38e0d9f,315f77cd5f90bc5fa1280c7bdb90b5b7,870561b800815cbb39d79ede1fb1a186,c665fb7c616de859524676b48a51764d,,,,,,,,85da00891c3defce761f3e72451ec99b,dee9fb2aace0c71b6795403763cf6ceb,4932e58351639034134937063b19c0ec,553b26c7b7bb776d90941fdf714fdc46,4e3e0a9dfa866722a7cf451fbcfde815,86760c04058974ecfdbed3cdd504f1a5,4b520ae7eb8b1c2f6cec217d50b70a79,c8d1c328f00399577ab3b3629ec90249

weeny-choc,daf6b58,branch_commit,2023-09-30T10:15:54,,-0.7719602,0.0020619,"[1, 10, 15]",1,1,calc_sharpe,./master/data-wip,master//rcode//logic/strategy_param.yaml,master//rcode//logic/WfHelper.yaml,5,1,91cd52d7e74357426ce1934693d3c49e,2b46217cc891e09ef4cb0daa9e93805b,,,,,,,,82376e9058a716b04bcbaea69c591b8f,d16b177364a71860c7b7c2c870343642,b87402d83af266b640da0988c966f13b,63b8f5c04bd003ad074836b1e38e0d9f,42863f697b57f877296f6bb25db5cc0f,8b278a42784c25c592c08295b76dd193,1b2b1e6508b686d81b8f653bab03ddb6,,,,,,,,85da00891c3defce761f3e72451ec99b,dee9fb2aace0c71b6795403763cf6ceb,4932e58351639034134937063b19c0ec,553b26c7b7bb776d90941fdf714fdc46,4e3e0a9dfa866722a7cf451fbcfde815,86760c04058974ecfdbed3cdd504f1a5,4b520ae7eb8b1c2f6cec217d50b70a79,c8d1c328f00399577ab3b3629ec90249

washy-cant,9fd2bdf,branch_commit,2023-09-30T10:15:30,,-3.783169,0.0020757,"[1, 10, 15]",1,1,calc_sharpe,./master/data-wip,master//rcode//logic/strategy_param.yaml,master//rcode//logic/WfHelper.yaml,4,5,91cd52d7e74357426ce1934693d3c49e,2b46217cc891e09ef4cb0daa9e93805b,,,,,,,,82376e9058a716b04bcbaea69c591b8f,d16b177364a71860c7b7c2c870343642,b87402d83af266b640da0988c966f13b,63b8f5c04bd003ad074836b1e38e0d9f,35d892fd25e8afa427d85cbe3e487177,4cd52098fd3f6ddb8cf7865e9c003ad2,083dadae9c55f2306627d2bc12338d4a,,,,,,,,85da00891c3defce761f3e72451ec99b,dee9fb2aace0c71b6795403763cf6ceb,4932e58351639034134937063b19c0ec,553b26c7b7bb776d90941fdf714fdc46,4e3e0a9dfa866722a7cf451fbcfde815,86760c04058974ecfdbed3cdd504f1a5,4b520ae7eb8b1c2f6cec217d50b70a79,c8d1c328f00399577ab3b3629ec90249

smart-gnat,b35918e,branch_commit,2023-09-30T10:15:13,,-2.9166295,0.0020784,"[1, 10, 15]",1,1,calc_sharpe,./master/data-wip,master//rcode//logic/strategy_param.yaml,master//rcode//logic/WfHelper.yaml,4,4,91cd52d7e74357426ce1934693d3c49e,2b46217cc891e09ef4cb0daa9e93805b,,,,,,,,82376e9058a716b04bcbaea69c591b8f,d16b177364a71860c7b7c2c870343642,b87402d83af266b640da0988c966f13b,63b8f5c04bd003ad074836b1e38e0d9f,bf520e42f73618cafe0c9f3ae940f0b2,4d8db7f4bb890a76293943624ab8269c,6a50165c65f4b13b9d8b21bd7d49abbb,,,,,,,,85da00891c3defce761f3e72451ec99b,dee9fb2aace0c71b6795403763cf6ceb,4932e58351639034134937063b19c0ec,553b26c7b7bb776d90941fdf714fdc46,4e3e0a9dfa866722a7cf451fbcfde815,86760c04058974ecfdbed3cdd504f1a5,4b520ae7eb8b1c2f6cec217d50b70a79,c8d1c328f00399577ab3b3629ec90249

runic-pall,71224ea,branch_commit,2023-09-30T10:14:56,,1.0942734,0.0020478,"[1, 10, 15]",1,1,calc_sharpe,./master/data-wip,master//rcode//logic/strategy_param.yaml,master//rcode//logic/WfHelper.yaml,4,3,91cd52d7e74357426ce1934693d3c49e,2b46217cc891e09ef4cb0daa9e93805b,,,,,,,,82376e9058a716b04bcbaea69c591b8f,d16b177364a71860c7b7c2c870343642,b87402d83af266b640da0988c966f13b,63b8f5c04bd003ad074836b1e38e0d9f,9b411e364d4d18cf7e3a60bfe231e4d3,155f58687acebac923cced714e960609,1ca0c1e030ce1ad8829e3fffc390fa43,,,,,,,,85da00891c3defce761f3e72451ec99b,dee9fb2aace0c71b6795403763cf6ceb,4932e58351639034134937063b19c0ec,553b26c7b7bb776d90941fdf714fdc46,4e3e0a9dfa866722a7cf451fbcfde815,86760c04058974ecfdbed3cdd504f1a5,4b520ae7eb8b1c2f6cec217d50b70a79,c8d1c328f00399577ab3b3629ec90249

first-pams,33c745a,branch_commit,2023-09-30T10:14:39,,0.0742184,0.0020279,"[1, 10, 15]",1,1,calc_sharpe,./master/data-wip,master//rcode//logic/strategy_param.yaml,master//rcode//logic/WfHelper.yaml,4,2,91cd52d7e74357426ce1934693d3c49e,2b46217cc891e09ef4cb0daa9e93805b,,,,,,,,82376e9058a716b04bcbaea69c591b8f,d16b177364a71860c7b7c2c870343642,b87402d83af266b640da0988c966f13b,63b8f5c04bd003ad074836b1e38e0d9f,2805fa4626c8292f36471ff6c10f51c3,f84d2c4fe96da596bab497fd72d40ac1,73fabada3b669b4f26354466082d5d9f,,,,,,,,85da00891c3defce761f3e72451ec99b,dee9fb2aace0c71b6795403763cf6ceb,4932e58351639034134937063b19c0ec,553b26c7b7bb776d90941fdf714fdc46,4e3e0a9dfa866722a7cf451fbcfde815,86760c04058974ecfdbed3cdd504f1a5,4b520ae7eb8b1c2f6cec217d50b70a79,c8d1c328f00399577ab3b3629ec90249

soled-emeu,675421f,branch_commit,2023-09-30T10:14:31,,2.4494618,0.0020283,"[1, 10, 15]",1,1,calc_sharpe,./master/data-wip,master//rcode//logic/strategy_param.yaml,master//rcode//logic/WfHelper.yaml,4,1,91cd52d7e74357426ce1934693d3c49e,2b46217cc891e09ef4cb0daa9e93805b,,,,,,,,82376e9058a716b04bcbaea69c591b8f,d16b177364a71860c7b7c2c870343642,b87402d83af266b640da0988c966f13b,63b8f5c04bd003ad074836b1e38e0d9f,d4fd782dc749abd785bf11d9cb39be62,163d0282bb51dd0ef743a79992ab3706,dcde099eeaad74bf6b487c25dfd27ec1,,,,,,,,85da00891c3defce761f3e72451ec99b,dee9fb2aace0c71b6795403763cf6ceb,4932e58351639034134937063b19c0ec,553b26c7b7bb776d90941fdf714fdc46,4e3e0a9dfa866722a7cf451fbcfde815,86760c04058974ecfdbed3cdd504f1a5,4b520ae7eb8b1c2f6cec217d50b70a79,c8d1c328f00399577ab3b3629ec90249

chief-abbs,09c61bd,branch_commit,2023-09-30T10:14:13,,-1.1524415,0.0020612,"[1, 10, 15]",1,1,calc_sharpe,./master/data-wip,master//rcode//logic/strategy_param.yaml,master//rcode//logic/WfHelper.yaml,3,5,91cd52d7e74357426ce1934693d3c49e,2b46217cc891e09ef4cb0daa9e93805b,,,,,,,,82376e9058a716b04bcbaea69c591b8f,d16b177364a71860c7b7c2c870343642,b87402d83af266b640da0988c966f13b,63b8f5c04bd003ad074836b1e38e0d9f,e2c34dd97c0e19b7f68f206b195b2cbb,1ae3d461615f35bfb07470f798d45b0d,7679fb90bf7dd4cf1140686a7fb9a8e8,,,,,,,,85da00891c3defce761f3e72451ec99b,dee9fb2aace0c71b6795403763cf6ceb,4932e58351639034134937063b19c0ec,553b26c7b7bb776d90941fdf714fdc46,4e3e0a9dfa866722a7cf451fbcfde815,86760c04058974ecfdbed3cdd504f1a5,4b520ae7eb8b1c2f6cec217d50b70a79,c8d1c328f00399577ab3b3629ec90249

trade-rede,dc9ccda,branch_commit,2023-09-30T10:13:56,,2.3460899,0.0020645,"[1, 10, 15]",1,1,calc_sharpe,./master/data-wip,master//rcode//logic/strategy_param.yaml,master//rcode//logic/WfHelper.yaml,3,4,91cd52d7e74357426ce1934693d3c49e,2b46217cc891e09ef4cb0daa9e93805b,,,,,,,,82376e9058a716b04bcbaea69c591b8f,d16b177364a71860c7b7c2c870343642,b87402d83af266b640da0988c966f13b,63b8f5c04bd003ad074836b1e38e0d9f,4628576f176c6560bf6253b5ee090c20,240532f77fc3277945f41232511f26f5,aa4bf8b1732f7772d3eee7dd2b45267b,,,,,,,,85da00891c3defce761f3e72451ec99b,dee9fb2aace0c71b6795403763cf6ceb,4932e58351639034134937063b19c0ec,553b26c7b7bb776d90941fdf714fdc46,4e3e0a9dfa866722a7cf451fbcfde815,86760c04058974ecfdbed3cdd504f1a5,4b520ae7eb8b1c2f6cec217d50b70a79,c8d1c328f00399577ab3b3629ec90249

lated-spit,4b8dedc,branch_commit,2023-09-30T10:13:40,,1.5353121,0.0020425,"[1, 10, 15]",1,1,calc_sharpe,./master/data-wip,master//rcode//logic/strategy_param.yaml,master//rcode//logic/WfHelper.yaml,3,3,91cd52d7e74357426ce1934693d3c49e,2b46217cc891e09ef4cb0daa9e93805b,,,,,,,,82376e9058a716b04bcbaea69c591b8f,d16b177364a71860c7b7c2c870343642,b87402d83af266b640da0988c966f13b,63b8f5c04bd003ad074836b1e38e0d9f,04ee58d78bcd34e5c087cd51d14096df,22c9111b6e2b0aaf32eca3ca3709ea48,2a43b6b915386921524d2d667ade627e,,,,,,,,85da00891c3defce761f3e72451ec99b,dee9fb2aace0c71b6795403763cf6ceb,4932e58351639034134937063b19c0ec,553b26c7b7bb776d90941fdf714fdc46,4e3e0a9dfa866722a7cf451fbcfde815,86760c04058974ecfdbed3cdd504f1a5,4b520ae7eb8b1c2f6cec217d50b70a79,c8d1c328f00399577ab3b3629ec90249

trade-dawk,f41efda,branch_commit,2023-09-30T10:13:23,,1.0119881,0.0020105,"[1, 10, 15]",1,1,calc_sharpe,./master/data-wip,master//rcode//logic/strategy_param.yaml,master//rcode//logic/WfHelper.yaml,3,2,91cd52d7e74357426ce1934693d3c49e,2b46217cc891e09ef4cb0daa9e93805b,,,,,,,,82376e9058a716b04bcbaea69c591b8f,d16b177364a71860c7b7c2c870343642,b87402d83af266b640da0988c966f13b,63b8f5c04bd003ad074836b1e38e0d9f,286c4d2aa65a7471aa0afa0bc271fd59,899873b3833d87adb766394ae7bc792e,2100523b52287ba01dd90d033d898f17,,,,,,,,85da00891c3defce761f3e72451ec99b,dee9fb2aace0c71b6795403763cf6ceb,4932e58351639034134937063b19c0ec,553b26c7b7bb776d90941fdf714fdc46,4e3e0a9dfa866722a7cf451fbcfde815,86760c04058974ecfdbed3cdd504f1a5,4b520ae7eb8b1c2f6cec217d50b70a79,c8d1c328f00399577ab3b3629ec90249

compo-vang,95b5349,branch_commit,2023-09-30T10:13:17,,1.8978934,0.0019966,"[1, 10, 15]",1,1,calc_sharpe,./master/data-wip,master//rcode//logic/strategy_param.yaml,master//rcode//logic/WfHelper.yaml,3,1,91cd52d7e74357426ce1934693d3c49e,2b46217cc891e09ef4cb0daa9e93805b,,,,,,,,82376e9058a716b04bcbaea69c591b8f,d16b177364a71860c7b7c2c870343642,b87402d83af266b640da0988c966f13b,63b8f5c04bd003ad074836b1e38e0d9f,6a01b4fbd7b2306d8940104cbb0ed6b8,aebfa11a98e8369b3277d1386e094a51,253b12f57c22f796f37abe779524eb85,,,,,,,,85da00891c3defce761f3e72451ec99b,dee9fb2aace0c71b6795403763cf6ceb,4932e58351639034134937063b19c0ec,553b26c7b7bb776d90941fdf714fdc46,4e3e0a9dfa866722a7cf451fbcfde815,86760c04058974ecfdbed3cdd504f1a5,4b520ae7eb8b1c2f6cec217d50b70a79,c8d1c328f00399577ab3b3629ec90249

broch-teff,a8a2c63,branch_commit,2023-09-30T10:13:00,,-3.0106894,0.0020208,"[1, 10, 15]",1,1,calc_sharpe,./master/data-wip,master//rcode//logic/strategy_param.yaml,master//rcode//logic/WfHelper.yaml,2,5,91cd52d7e74357426ce1934693d3c49e,2b46217cc891e09ef4cb0daa9e93805b,,,,,,,,82376e9058a716b04bcbaea69c591b8f,d16b177364a71860c7b7c2c870343642,b87402d83af266b640da0988c966f13b,63b8f5c04bd003ad074836b1e38e0d9f,315c0c20ebd02a1525c897d44d8a4c59,bfeeb59ae63e83b6b5ca8cbd75604864,2ea021884e3375b1f28033b08221d2a4,,,,,,,,85da00891c3defce761f3e72451ec99b,dee9fb2aace0c71b6795403763cf6ceb,4932e58351639034134937063b19c0ec,553b26c7b7bb776d90941fdf714fdc46,4e3e0a9dfa866722a7cf451fbcfde815,86760c04058974ecfdbed3cdd504f1a5,4b520ae7eb8b1c2f6cec217d50b70a79,c8d1c328f00399577ab3b3629ec90249

bared-bise,ead9ca2,branch_commit,2023-09-30T10:12:41,,1.627517,0.0019701,"[1, 10, 15]",1,1,calc_sharpe,./master/data-wip,master//rcode//logic/strategy_param.yaml,master//rcode//logic/WfHelper.yaml,2,4,91cd52d7e74357426ce1934693d3c49e,2b46217cc891e09ef4cb0daa9e93805b,,,,,,,,82376e9058a716b04bcbaea69c591b8f,d16b177364a71860c7b7c2c870343642,b87402d83af266b640da0988c966f13b,63b8f5c04bd003ad074836b1e38e0d9f,71776e6028e5ecc39945359c77ceb766,48523f69c99c9331a55290c01345ac8d,0c1af8d476678fbb5a9cd2706825f06b,,,,,,,,85da00891c3defce761f3e72451ec99b,dee9fb2aace0c71b6795403763cf6ceb,4932e58351639034134937063b19c0ec,553b26c7b7bb776d90941fdf714fdc46,4e3e0a9dfa866722a7cf451fbcfde815,86760c04058974ecfdbed3cdd504f1a5,4b520ae7eb8b1c2f6cec217d50b70a79,c8d1c328f00399577ab3b3629ec90249

honey-roma,c2501b4,branch_commit,2023-09-30T10:12:23,,1.2691108,0.0019714,"[1, 10, 15]",1,1,calc_sharpe,./master/data-wip,master//rcode//logic/strategy_param.yaml,master//rcode//logic/WfHelper.yaml,2,3,91cd52d7e74357426ce1934693d3c49e,2b46217cc891e09ef4cb0daa9e93805b,,,,,,,,82376e9058a716b04bcbaea69c591b8f,d16b177364a71860c7b7c2c870343642,b87402d83af266b640da0988c966f13b,63b8f5c04bd003ad074836b1e38e0d9f,7f4628d29e85ca3c998fa237ee206a27,03bbf98d3f33a46eb6f835c54a7b02f6,55357a77d159dbe164b255b9ee4bb96c,,,,,,,,85da00891c3defce761f3e72451ec99b,dee9fb2aace0c71b6795403763cf6ceb,4932e58351639034134937063b19c0ec,553b26c7b7bb776d90941fdf714fdc46,4e3e0a9dfa866722a7cf451fbcfde815,86760c04058974ecfdbed3cdd504f1a5,4b520ae7eb8b1c2f6cec217d50b70a79,c8d1c328f00399577ab3b3629ec90249

canny-eyot,6c71403,branch_commit,2023-09-30T10:12:05,,0.9826363,0.0019712,"[1, 10, 15]",1,1,calc_sharpe,./master/data-wip,master//rcode//logic/strategy_param.yaml,master//rcode//logic/WfHelper.yaml,2,2,91cd52d7e74357426ce1934693d3c49e,2b46217cc891e09ef4cb0daa9e93805b,,,,,,,,82376e9058a716b04bcbaea69c591b8f,d16b177364a71860c7b7c2c870343642,b87402d83af266b640da0988c966f13b,63b8f5c04bd003ad074836b1e38e0d9f,ac336bf2bd1c2d590f908e1fc6cc5d87,1cb5fda8235678d8e3cd02a64c6415bb,6235b4770cc436cdabecc7a6a4f4bc12,,,,,,,,85da00891c3defce761f3e72451ec99b,dee9fb2aace0c71b6795403763cf6ceb,4932e58351639034134937063b19c0ec,553b26c7b7bb776d90941fdf714fdc46,4e3e0a9dfa866722a7cf451fbcfde815,86760c04058974ecfdbed3cdd504f1a5,4b520ae7eb8b1c2f6cec217d50b70a79,c8d1c328f00399577ab3b3629ec90249

final-cool,5a14e4d,branch_commit,2023-09-30T10:11:46,,1.2328632,0.0019696,"[1, 10, 15]",1,1,calc_sharpe,./master/data-wip,master//rcode//logic/strategy_param.yaml,master//rcode//logic/WfHelper.yaml,2,1,91cd52d7e74357426ce1934693d3c49e,2b46217cc891e09ef4cb0daa9e93805b,,,,,,,,82376e9058a716b04bcbaea69c591b8f,d16b177364a71860c7b7c2c870343642,b87402d83af266b640da0988c966f13b,63b8f5c04bd003ad074836b1e38e0d9f,df082e44b96ba45cd5b989d70f84b83f,365c148260e3decc296807952aabdbde,e28152dd3c9ea476bfca0056998824e2,,,,,,,,85da00891c3defce761f3e72451ec99b,dee9fb2aace0c71b6795403763cf6ceb,4932e58351639034134937063b19c0ec,553b26c7b7bb776d90941fdf714fdc46,4e3e0a9dfa866722a7cf451fbcfde815,86760c04058974ecfdbed3cdd504f1a5,4b520ae7eb8b1c2f6cec217d50b70a79,c8d1c328f00399577ab3b3629ec90249

unapt-site,a62f1d9,branch_commit,2023-09-30T10:11:21,,-2.1877184,0.0019522,"[1, 10, 15]",1,1,calc_sharpe,./master/data-wip,master//rcode//logic/strategy_param.yaml,master//rcode//logic/WfHelper.yaml,1,5,91cd52d7e74357426ce1934693d3c49e,2b46217cc891e09ef4cb0daa9e93805b,,,,,,,,82376e9058a716b04bcbaea69c591b8f,d16b177364a71860c7b7c2c870343642,b87402d83af266b640da0988c966f13b,63b8f5c04bd003ad074836b1e38e0d9f,6a56e69b6b1f9e53edfcbd72e064dfcf,4a9437af9151ce415a400e4ba27373af,9008e77a24578b05cf66fb0ce41d7c52,,,,,,,,85da00891c3defce761f3e72451ec99b,dee9fb2aace0c71b6795403763cf6ceb,4932e58351639034134937063b19c0ec,553b26c7b7bb776d90941fdf714fdc46,4e3e0a9dfa866722a7cf451fbcfde815,86760c04058974ecfdbed3cdd504f1a5,4b520ae7eb8b1c2f6cec217d50b70a79,c8d1c328f00399577ab3b3629ec90249

spiry-doge,b3f3577,branch_commit,2023-09-30T10:10:59,,0.1646777,0.0019675,"[1, 10, 15]",1,1,calc_sharpe,./master/data-wip,master//rcode//logic/strategy_param.yaml,master//rcode//logic/WfHelper.yaml,1,4,91cd52d7e74357426ce1934693d3c49e,2b46217cc891e09ef4cb0daa9e93805b,,,,,,,,82376e9058a716b04bcbaea69c591b8f,d16b177364a71860c7b7c2c870343642,b87402d83af266b640da0988c966f13b,63b8f5c04bd003ad074836b1e38e0d9f,039e0878e72317702200f92ad8f3abb2,6d06bbe604dd1db9f7c5e4881cda1cbc,f16bd5ea61d604b509c480ae4b970f71,,,,,,,,85da00891c3defce761f3e72451ec99b,dee9fb2aace0c71b6795403763cf6ceb,4932e58351639034134937063b19c0ec,553b26c7b7bb776d90941fdf714fdc46,4e3e0a9dfa866722a7cf451fbcfde815,86760c04058974ecfdbed3cdd504f1a5,4b520ae7eb8b1c2f6cec217d50b70a79,c8d1c328f00399577ab3b3629ec90249

alone-beth,ff05566,branch_commit,2023-09-30T10:10:41,,2.331538,0.0019647,"[1, 10, 15]",1,1,calc_sharpe,./master/data-wip,master//rcode//logic/strategy_param.yaml,master//rcode//logic/WfHelper.yaml,1,3,91cd52d7e74357426ce1934693d3c49e,2b46217cc891e09ef4cb0daa9e93805b,,,,,,,,82376e9058a716b04bcbaea69c591b8f,d16b177364a71860c7b7c2c870343642,b87402d83af266b640da0988c966f13b,63b8f5c04bd003ad074836b1e38e0d9f,66d8699c0fb0bd9c7433ae1828e6895e,ee005cc1af06aa332a387627c7ae18f0,aa9b14672019ae9d820665e32f60c2e4,,,,,,,,85da00891c3defce761f3e72451ec99b,dee9fb2aace0c71b6795403763cf6ceb,4932e58351639034134937063b19c0ec,553b26c7b7bb776d90941fdf714fdc46,4e3e0a9dfa866722a7cf451fbcfde815,86760c04058974ecfdbed3cdd504f1a5,4b520ae7eb8b1c2f6cec217d50b70a79,c8d1c328f00399577ab3b3629ec90249

acred-azan,76681ab,branch_commit,2023-09-30T10:10:23,,2.6030513,0.0019646,"[1, 10, 15]",1,1,calc_sharpe,./master/data-wip,master//rcode//logic/strategy_param.yaml,master//rcode//logic/WfHelper.yaml,1,2,91cd52d7e74357426ce1934693d3c49e,2b46217cc891e09ef4cb0daa9e93805b,,,,,,,,82376e9058a716b04bcbaea69c591b8f,d16b177364a71860c7b7c2c870343642,b87402d83af266b640da0988c966f13b,63b8f5c04bd003ad074836b1e38e0d9f,be6317af4b17a3f44e71686acc6e69b5,dafa58f38d461b4721067c568e08cd5e,7253c71e1bc81f32e0f971ee43f8b838,,,,,,,,85da00891c3defce761f3e72451ec99b,dee9fb2aace0c71b6795403763cf6ceb,4932e58351639034134937063b19c0ec,553b26c7b7bb776d90941fdf714fdc46,4e3e0a9dfa866722a7cf451fbcfde815,86760c04058974ecfdbed3cdd504f1a5,4b520ae7eb8b1c2f6cec217d50b70a79,c8d1c328f00399577ab3b3629ec90249

ahull-jota,b88e96a,branch_base,2023-09-30T10:10:06,,2.7366419,0.0019543,"[1, 10, 15]",1,1,calc_sharpe,./master/data-wip,master//rcode//logic/strategy_param.yaml,master//rcode//logic/WfHelper.yaml,1,1,91cd52d7e74357426ce1934693d3c49e,2b46217cc891e09ef4cb0daa9e93805b,,,,,,,,82376e9058a716b04bcbaea69c591b8f,d16b177364a71860c7b7c2c870343642,b87402d83af266b640da0988c966f13b,63b8f5c04bd003ad074836b1e38e0d9f,04dd7db31aeab6799e9db1f78c8eb853,cbe9b5f74f552253c034517d1d2e165a,de5b47e7fc86cca259f6126aa9d39c42,,,,,,,,85da00891c3defce761f3e72451ec99b,dee9fb2aace0c71b6795403763cf6ceb,4932e58351639034134937063b19c0ec,553b26c7b7bb776d90941fdf714fdc46,4e3e0a9dfa866722a7cf451fbcfde815,86760c04058974ecfdbed3cdd504f1a5,4b520ae7eb8b1c2f6cec217d50b70a79,c8d1c328f00399577ab3b3629ec90249

