Experiment,rev,typ,Created,parent,sharpe_ratio,stdev,ir2,sortino_ratio,start,end,sharpe_ratio_full,stdev_full,ir2_full,sortino_ratio_full,start_full,end_full,general.asset,general.tfmin,general.performance_stat,general.datapath,general.raw_data,strategy.param.path,wf.param.path,wf.train_length,wf.test_length,wf.day_clip_front,wf.day_clip_back,master\data-raw\data_test_20180101_20190630.csv,master\data-wip\01_converted_to_xts.rds,master\data-wip\1\60\02_downsampled.rds,master\data-wip\1\60\03_precalculated.rds,master\data-wip\1\60\04_positions.rds,master\data-wip\1\60\05_pnl.rds,master\data-wip\1\60\06_wf_indexes.rds,master\data-wip\1\60\07_wf_metrics.rds,master\data-wip\1\60\08_wf_best_params.rds,master\rcode\01_convert_to_xts.r,master\rcode\05_calculate_pnl.r,master\rcode\06_wf_calculate_indexes.r,master\rcode\07_wf_calculate_metrics.r,master\rcode\08_wf_select_best_params.r,master\rcode\09_wf_eval_test.r,master\rcode\logic\WfHelper.r,master\rcode\logic\WfHelper.yaml,master\rcode\logic\helpers\data_helper.r,master\rcode\logic\helpers\metrics_helper.r,master\rcode\logic\strategy.r,master\rcode\logic\strategy_param.yaml

,workspace,baseline,,,0.8368425,0.0077472,1.2114507,1.1937264,start 2018-02-08 00:59:00,end 2019-06-01 23:59:00,0.5708563,0.0084134,0.6367312,0.8048618,start 2018-01-19 07:59:00,end 2019-06-07 06:59:00,1,60,sharpe,./master/data-wip,master/data-raw/data_test_20180101_20190630.csv,master//rcode//logic/strategy_param.yaml,master//rcode//logic/WfHelper.yaml,10,28,37,30,35f18178ce195ef8f609cb4f47726b62,63da8fa68e81f8afef622a05846e7f08,3d5700dc71790987c3f80aa93cb67a16,3310723b4e1845e104cde447a91a8ab1,32c540309dc8d25a7a0bad6e9fa48dad,8ebe6e57e3670d0726b2a1fc09db0026,1a079d50f9a5a639a7683c232f3c6fa1,c5b79717ff1d1bef8857a6083c446783,efb635a65e2d1bde1f367dc3b36ed625,7234b769b0406eba54b493d221b76a1d,c50086c14e6cf330f06128d537e7aa36,dee9fb2aace0c71b6795403763cf6ceb,9324afadb93349dca55c9dc1fe2ed80f,553b26c7b7bb776d90941fdf714fdc46,fd7bb4e82f332ef272f63ffdf495ace7,549f5922b9ff99ab7c4a8e4ded46fef7,803dea85bc63eed422a48d86e3d27575,b8af715d2f84a4c64c13d9beecd36750,74913fb30fe667030d2f26c329ef48ec,7193868d42cf8a3484c71708be3f97c9,c8d1c328f00399577ab3b3629ec90249

,data_1.5_year,baseline,2023-12-12T21:52:56,,0.8368425,0.0077472,1.2114507,1.1937264,start 2018-02-08 00:59:00,end 2019-06-01 23:59:00,0.5708563,0.0084134,0.6367312,0.8048618,start 2018-01-19 07:59:00,end 2019-06-07 06:59:00,1,60,sharpe,./master/data-wip,master/data-raw/data_test_20180101_20190630.csv,master//rcode//logic/strategy_param.yaml,master//rcode//logic/WfHelper.yaml,10,28,37,30,35f18178ce195ef8f609cb4f47726b62,63da8fa68e81f8afef622a05846e7f08,3d5700dc71790987c3f80aa93cb67a16,3310723b4e1845e104cde447a91a8ab1,32c540309dc8d25a7a0bad6e9fa48dad,8ebe6e57e3670d0726b2a1fc09db0026,1a079d50f9a5a639a7683c232f3c6fa1,c5b79717ff1d1bef8857a6083c446783,efb635a65e2d1bde1f367dc3b36ed625,7234b769b0406eba54b493d221b76a1d,c50086c14e6cf330f06128d537e7aa36,dee9fb2aace0c71b6795403763cf6ceb,9324afadb93349dca55c9dc1fe2ed80f,553b26c7b7bb776d90941fdf714fdc46,fd7bb4e82f332ef272f63ffdf495ace7,549f5922b9ff99ab7c4a8e4ded46fef7,803dea85bc63eed422a48d86e3d27575,b8af715d2f84a4c64c13d9beecd36750,74913fb30fe667030d2f26c329ef48ec,7193868d42cf8a3484c71708be3f97c9,c8d1c328f00399577ab3b3629ec90249

frail-whit,0e8d4df,branch_commit,2023-12-12T23:06:18,,0.7720103,0.0077483,0.9728093,1.1017843,start 2018-02-08 00:59:00,end 2019-06-01 23:59:00,0.7592395,0.0078879,0.9427844,1.0731959,start 2018-02-06 07:59:00,end 2019-06-25 06:59:00,1,60,sharpe,./master/data-wip,master/data-raw/data_test_20180101_20190630.csv,master//rcode//logic/strategy_param.yaml,master//rcode//logic/WfHelper.yaml,28,28,37,30,35f18178ce195ef8f609cb4f47726b62,63da8fa68e81f8afef622a05846e7f08,3d5700dc71790987c3f80aa93cb67a16,3310723b4e1845e104cde447a91a8ab1,32c540309dc8d25a7a0bad6e9fa48dad,8ebe6e57e3670d0726b2a1fc09db0026,6b385e42971e71d9179aa7fe14b0434c,395c8817a375df5dfe9fa85cc36e4b83,00ad9f9c7f0038c3a9b7bd82528ff8b0,7234b769b0406eba54b493d221b76a1d,c50086c14e6cf330f06128d537e7aa36,dee9fb2aace0c71b6795403763cf6ceb,9324afadb93349dca55c9dc1fe2ed80f,553b26c7b7bb776d90941fdf714fdc46,fd7bb4e82f332ef272f63ffdf495ace7,549f5922b9ff99ab7c4a8e4ded46fef7,803dea85bc63eed422a48d86e3d27575,b8af715d2f84a4c64c13d9beecd36750,74913fb30fe667030d2f26c329ef48ec,7193868d42cf8a3484c71708be3f97c9,c8d1c328f00399577ab3b3629ec90249

busty-esne,2207dbc,branch_commit,2023-12-12T23:05:41,,0.7562639,0.0077491,0.9307256,1.0791539,start 2018-02-08 00:59:00,end 2019-06-01 23:59:00,0.7078513,0.0078889,0.8195919,1.0005789,start 2018-02-06 07:59:00,end 2019-06-25 06:59:00,1,60,sharpe,./master/data-wip,master/data-raw/data_test_20180101_20190630.csv,master//rcode//logic/strategy_param.yaml,master//rcode//logic/WfHelper.yaml,28,21,37,30,35f18178ce195ef8f609cb4f47726b62,63da8fa68e81f8afef622a05846e7f08,3d5700dc71790987c3f80aa93cb67a16,3310723b4e1845e104cde447a91a8ab1,32c540309dc8d25a7a0bad6e9fa48dad,8ebe6e57e3670d0726b2a1fc09db0026,52ca3c6e6cdd4d6bd32ba7116902c4a0,8891187f806a3830dc7f09c6d1e7818e,09757401573bfa9fee297538aaab2bef,7234b769b0406eba54b493d221b76a1d,c50086c14e6cf330f06128d537e7aa36,dee9fb2aace0c71b6795403763cf6ceb,9324afadb93349dca55c9dc1fe2ed80f,553b26c7b7bb776d90941fdf714fdc46,fd7bb4e82f332ef272f63ffdf495ace7,549f5922b9ff99ab7c4a8e4ded46fef7,803dea85bc63eed422a48d86e3d27575,b8af715d2f84a4c64c13d9beecd36750,74913fb30fe667030d2f26c329ef48ec,7193868d42cf8a3484c71708be3f97c9,c8d1c328f00399577ab3b3629ec90249

above-eyry,b20a7a3,branch_commit,2023-12-12T23:05:05,,1.2039651,0.0077461,2.2901377,1.7389528,start 2018-02-08 00:59:00,end 2019-06-01 23:59:00,1.1237877,0.0078862,2.065047,1.6057987,start 2018-02-06 07:59:00,end 2019-06-25 06:59:00,1,60,sharpe,./master/data-wip,master/data-raw/data_test_20180101_20190630.csv,master//rcode//logic/strategy_param.yaml,master//rcode//logic/WfHelper.yaml,28,14,37,30,35f18178ce195ef8f609cb4f47726b62,63da8fa68e81f8afef622a05846e7f08,3d5700dc71790987c3f80aa93cb67a16,3310723b4e1845e104cde447a91a8ab1,32c540309dc8d25a7a0bad6e9fa48dad,8ebe6e57e3670d0726b2a1fc09db0026,16b9e687d02aaae9d337be10d4e98b2e,501a55cfde492158c87651bf2b90a2fe,ebfb0552836d0dc0be6b5d414c20a0fd,7234b769b0406eba54b493d221b76a1d,c50086c14e6cf330f06128d537e7aa36,dee9fb2aace0c71b6795403763cf6ceb,9324afadb93349dca55c9dc1fe2ed80f,553b26c7b7bb776d90941fdf714fdc46,fd7bb4e82f332ef272f63ffdf495ace7,549f5922b9ff99ab7c4a8e4ded46fef7,803dea85bc63eed422a48d86e3d27575,b8af715d2f84a4c64c13d9beecd36750,74913fb30fe667030d2f26c329ef48ec,7193868d42cf8a3484c71708be3f97c9,c8d1c328f00399577ab3b3629ec90249

xeric-sash,4e02d37,branch_commit,2023-12-12T23:04:28,,1.1320903,0.0077436,2.3188867,1.6313524,start 2018-02-08 00:59:00,end 2019-06-01 23:59:00,0.9142106,0.0078704,1.3530716,1.3014854,start 2018-02-06 07:59:00,end 2019-06-21 06:59:00,1,60,sharpe,./master/data-wip,master/data-raw/data_test_20180101_20190630.csv,master//rcode//logic/strategy_param.yaml,master//rcode//logic/WfHelper.yaml,28,10,37,30,35f18178ce195ef8f609cb4f47726b62,63da8fa68e81f8afef622a05846e7f08,3d5700dc71790987c3f80aa93cb67a16,3310723b4e1845e104cde447a91a8ab1,32c540309dc8d25a7a0bad6e9fa48dad,8ebe6e57e3670d0726b2a1fc09db0026,de8848421beecbcebdb5daf25659534f,9d53d19f8b1c43ddf7a1f58f69c46705,53590a3c82ffc64e422efb10c740b530,7234b769b0406eba54b493d221b76a1d,c50086c14e6cf330f06128d537e7aa36,dee9fb2aace0c71b6795403763cf6ceb,9324afadb93349dca55c9dc1fe2ed80f,553b26c7b7bb776d90941fdf714fdc46,fd7bb4e82f332ef272f63ffdf495ace7,549f5922b9ff99ab7c4a8e4ded46fef7,803dea85bc63eed422a48d86e3d27575,b8af715d2f84a4c64c13d9beecd36750,74913fb30fe667030d2f26c329ef48ec,7193868d42cf8a3484c71708be3f97c9,c8d1c328f00399577ab3b3629ec90249

woven-ibex,8fd02e2,branch_commit,2023-12-12T23:03:46,,0.9968133,0.0077435,1.7470675,1.4332075,start 2018-02-08 00:59:00,end 2019-06-01 23:59:00,0.9323613,0.0078837,1.4210042,1.3269121,start 2018-02-06 07:59:00,end 2019-06-25 06:59:00,1,60,sharpe,./master/data-wip,master/data-raw/data_test_20180101_20190630.csv,master//rcode//logic/strategy_param.yaml,master//rcode//logic/WfHelper.yaml,28,7,37,30,35f18178ce195ef8f609cb4f47726b62,63da8fa68e81f8afef622a05846e7f08,3d5700dc71790987c3f80aa93cb67a16,3310723b4e1845e104cde447a91a8ab1,32c540309dc8d25a7a0bad6e9fa48dad,8ebe6e57e3670d0726b2a1fc09db0026,3a1d56c9da15b6a7abbef20099464a8d,70a51bc346a67e133461f91379fb2f4a,d95dfdae038ba46af2d2340567f5faa2,7234b769b0406eba54b493d221b76a1d,c50086c14e6cf330f06128d537e7aa36,dee9fb2aace0c71b6795403763cf6ceb,9324afadb93349dca55c9dc1fe2ed80f,553b26c7b7bb776d90941fdf714fdc46,fd7bb4e82f332ef272f63ffdf495ace7,549f5922b9ff99ab7c4a8e4ded46fef7,803dea85bc63eed422a48d86e3d27575,b8af715d2f84a4c64c13d9beecd36750,74913fb30fe667030d2f26c329ef48ec,7193868d42cf8a3484c71708be3f97c9,c8d1c328f00399577ab3b3629ec90249

timid-jinn,77094bb,branch_commit,2023-12-12T23:03:04,,0.8894021,0.0077439,1.1311379,1.2735897,start 2018-02-08 00:59:00,end 2019-06-01 23:59:00,0.9375995,0.0078903,1.3295326,1.3311459,start 2018-02-06 07:59:00,end 2019-06-26 06:59:00,1,60,sharpe,./master/data-wip,master/data-raw/data_test_20180101_20190630.csv,master//rcode//logic/strategy_param.yaml,master//rcode//logic/WfHelper.yaml,28,5,37,30,35f18178ce195ef8f609cb4f47726b62,63da8fa68e81f8afef622a05846e7f08,3d5700dc71790987c3f80aa93cb67a16,3310723b4e1845e104cde447a91a8ab1,32c540309dc8d25a7a0bad6e9fa48dad,8ebe6e57e3670d0726b2a1fc09db0026,acbbd9b6295fb9fab3fc2d548a78f8ce,e8c00d27dde6cb392845dfaf8a3f8415,a8b8dbc7c53e810ccb9c2e72ee620bf6,7234b769b0406eba54b493d221b76a1d,c50086c14e6cf330f06128d537e7aa36,dee9fb2aace0c71b6795403763cf6ceb,9324afadb93349dca55c9dc1fe2ed80f,553b26c7b7bb776d90941fdf714fdc46,fd7bb4e82f332ef272f63ffdf495ace7,549f5922b9ff99ab7c4a8e4ded46fef7,803dea85bc63eed422a48d86e3d27575,b8af715d2f84a4c64c13d9beecd36750,74913fb30fe667030d2f26c329ef48ec,7193868d42cf8a3484c71708be3f97c9,c8d1c328f00399577ab3b3629ec90249

acerb-jogs,558c7cc,branch_commit,2023-12-12T23:02:20,,0.8730633,0.0077437,1.0248691,1.2491106,start 2018-02-08 00:59:00,end 2019-06-01 23:59:00,0.9089896,0.0080279,1.2190567,1.2878265,start 2018-02-06 07:59:00,end 2019-06-28 06:59:00,1,60,sharpe,./master/data-wip,master/data-raw/data_test_20180101_20190630.csv,master//rcode//logic/strategy_param.yaml,master//rcode//logic/WfHelper.yaml,28,3,37,30,35f18178ce195ef8f609cb4f47726b62,63da8fa68e81f8afef622a05846e7f08,3d5700dc71790987c3f80aa93cb67a16,3310723b4e1845e104cde447a91a8ab1,32c540309dc8d25a7a0bad6e9fa48dad,8ebe6e57e3670d0726b2a1fc09db0026,331148b2b155a34b2c8ee3b49609d198,2d39361adff7c8eed147cd7728d539b7,efe9fc35954d43852cd4e31b0bc8e54a,7234b769b0406eba54b493d221b76a1d,c50086c14e6cf330f06128d537e7aa36,dee9fb2aace0c71b6795403763cf6ceb,9324afadb93349dca55c9dc1fe2ed80f,553b26c7b7bb776d90941fdf714fdc46,fd7bb4e82f332ef272f63ffdf495ace7,549f5922b9ff99ab7c4a8e4ded46fef7,803dea85bc63eed422a48d86e3d27575,b8af715d2f84a4c64c13d9beecd36750,74913fb30fe667030d2f26c329ef48ec,7193868d42cf8a3484c71708be3f97c9,c8d1c328f00399577ab3b3629ec90249

braky-ados,f53947b,branch_commit,2023-12-12T23:01:21,,1.0259077,0.0077429,1.4799886,1.473141,start 2018-02-08 00:59:00,end 2019-06-01 23:59:00,0.9153936,0.0080563,1.3002282,1.2978723,start 2018-02-06 07:59:00,end 2019-06-29 06:59:00,1,60,sharpe,./master/data-wip,master/data-raw/data_test_20180101_20190630.csv,master//rcode//logic/strategy_param.yaml,master//rcode//logic/WfHelper.yaml,28,2,37,30,35f18178ce195ef8f609cb4f47726b62,63da8fa68e81f8afef622a05846e7f08,3d5700dc71790987c3f80aa93cb67a16,3310723b4e1845e104cde447a91a8ab1,32c540309dc8d25a7a0bad6e9fa48dad,8ebe6e57e3670d0726b2a1fc09db0026,7ec2957165590db65da9b2ff37982c37,47644a445469e112b79f0817e21f68c8,c2f2ff8072a995358714ec2bd76dce04,7234b769b0406eba54b493d221b76a1d,c50086c14e6cf330f06128d537e7aa36,dee9fb2aace0c71b6795403763cf6ceb,9324afadb93349dca55c9dc1fe2ed80f,553b26c7b7bb776d90941fdf714fdc46,fd7bb4e82f332ef272f63ffdf495ace7,549f5922b9ff99ab7c4a8e4ded46fef7,803dea85bc63eed422a48d86e3d27575,b8af715d2f84a4c64c13d9beecd36750,74913fb30fe667030d2f26c329ef48ec,7193868d42cf8a3484c71708be3f97c9,c8d1c328f00399577ab3b3629ec90249

wonky-harl,66b9f12,branch_commit,2023-12-12T23:00:01,,0.9365958,0.0077427,1.3051837,1.3432444,start 2018-02-08 00:59:00,end 2019-06-01 23:59:00,0.8266911,0.0080616,1.1250385,1.1713588,start 2018-02-06 07:59:00,end 2019-06-30 06:59:00,1,60,sharpe,./master/data-wip,master/data-raw/data_test_20180101_20190630.csv,master//rcode//logic/strategy_param.yaml,master//rcode//logic/WfHelper.yaml,28,1,37,30,35f18178ce195ef8f609cb4f47726b62,63da8fa68e81f8afef622a05846e7f08,3d5700dc71790987c3f80aa93cb67a16,3310723b4e1845e104cde447a91a8ab1,32c540309dc8d25a7a0bad6e9fa48dad,8ebe6e57e3670d0726b2a1fc09db0026,66d7b22ca0cdac23862596920e2a6cae,129d81c265ca115320438801145262ca,a871ad0b9e3441c75c8deb6c5f6335bf,7234b769b0406eba54b493d221b76a1d,c50086c14e6cf330f06128d537e7aa36,dee9fb2aace0c71b6795403763cf6ceb,9324afadb93349dca55c9dc1fe2ed80f,553b26c7b7bb776d90941fdf714fdc46,fd7bb4e82f332ef272f63ffdf495ace7,549f5922b9ff99ab7c4a8e4ded46fef7,803dea85bc63eed422a48d86e3d27575,b8af715d2f84a4c64c13d9beecd36750,74913fb30fe667030d2f26c329ef48ec,7193868d42cf8a3484c71708be3f97c9,c8d1c328f00399577ab3b3629ec90249

grave-akes,4228359,branch_commit,2023-12-12T22:58:09,,1.1169336,0.0077424,2.0647759,1.6151633,start 2018-02-08 00:59:00,end 2019-06-01 23:59:00,1.4783416,0.0081838,3.7085103,2.129882,start 2018-01-30 07:59:00,end 2019-06-18 06:59:00,1,60,sharpe,./master/data-wip,master/data-raw/data_test_20180101_20190630.csv,master//rcode//logic/strategy_param.yaml,master//rcode//logic/WfHelper.yaml,21,28,37,30,35f18178ce195ef8f609cb4f47726b62,63da8fa68e81f8afef622a05846e7f08,3d5700dc71790987c3f80aa93cb67a16,3310723b4e1845e104cde447a91a8ab1,32c540309dc8d25a7a0bad6e9fa48dad,8ebe6e57e3670d0726b2a1fc09db0026,97c436ab0506bb73150204185a2a8a11,1148458c6f3ba5959dc4da2ebb98dcc3,c15b47d31dea237876019dbdbd3d187e,7234b769b0406eba54b493d221b76a1d,c50086c14e6cf330f06128d537e7aa36,dee9fb2aace0c71b6795403763cf6ceb,9324afadb93349dca55c9dc1fe2ed80f,553b26c7b7bb776d90941fdf714fdc46,fd7bb4e82f332ef272f63ffdf495ace7,549f5922b9ff99ab7c4a8e4ded46fef7,803dea85bc63eed422a48d86e3d27575,b8af715d2f84a4c64c13d9beecd36750,74913fb30fe667030d2f26c329ef48ec,7193868d42cf8a3484c71708be3f97c9,c8d1c328f00399577ab3b3629ec90249

miffy-clay,5301dd0,branch_commit,2023-12-12T22:57:27,,1.0812181,0.0077466,1.8821594,1.5620397,start 2018-02-08 00:59:00,end 2019-06-01 23:59:00,1.3441631,0.0081879,3.0674048,1.9287371,start 2018-01-30 07:59:00,end 2019-06-18 06:59:00,1,60,sharpe,./master/data-wip,master/data-raw/data_test_20180101_20190630.csv,master//rcode//logic/strategy_param.yaml,master//rcode//logic/WfHelper.yaml,21,21,37,30,35f18178ce195ef8f609cb4f47726b62,63da8fa68e81f8afef622a05846e7f08,3d5700dc71790987c3f80aa93cb67a16,3310723b4e1845e104cde447a91a8ab1,32c540309dc8d25a7a0bad6e9fa48dad,8ebe6e57e3670d0726b2a1fc09db0026,71de4d05bb7a5a2f340259d91ed066e3,2208427d6cdb7babd6d4db91a769177a,462c0a4d6efee7772d4a3ed576825b5f,7234b769b0406eba54b493d221b76a1d,c50086c14e6cf330f06128d537e7aa36,dee9fb2aace0c71b6795403763cf6ceb,9324afadb93349dca55c9dc1fe2ed80f,553b26c7b7bb776d90941fdf714fdc46,fd7bb4e82f332ef272f63ffdf495ace7,549f5922b9ff99ab7c4a8e4ded46fef7,803dea85bc63eed422a48d86e3d27575,b8af715d2f84a4c64c13d9beecd36750,74913fb30fe667030d2f26c329ef48ec,7193868d42cf8a3484c71708be3f97c9,c8d1c328f00399577ab3b3629ec90249

silly-pate,571bd35,branch_commit,2023-12-12T22:56:46,,1.3128973,0.0077425,3.0003531,1.9025593,start 2018-02-08 00:59:00,end 2019-06-01 23:59:00,1.6493966,0.0081844,4.6166919,2.3797282,start 2018-01-30 07:59:00,end 2019-06-18 06:59:00,1,60,sharpe,./master/data-wip,master/data-raw/data_test_20180101_20190630.csv,master//rcode//logic/strategy_param.yaml,master//rcode//logic/WfHelper.yaml,21,14,37,30,35f18178ce195ef8f609cb4f47726b62,63da8fa68e81f8afef622a05846e7f08,3d5700dc71790987c3f80aa93cb67a16,3310723b4e1845e104cde447a91a8ab1,32c540309dc8d25a7a0bad6e9fa48dad,8ebe6e57e3670d0726b2a1fc09db0026,61034528ce728fce7ae4440d9766c4bc,0860078dfef823fc41fbf36e09cb154f,9e38e3746c402a2cbb64d8ab540ab8f7,7234b769b0406eba54b493d221b76a1d,c50086c14e6cf330f06128d537e7aa36,dee9fb2aace0c71b6795403763cf6ceb,9324afadb93349dca55c9dc1fe2ed80f,553b26c7b7bb776d90941fdf714fdc46,fd7bb4e82f332ef272f63ffdf495ace7,549f5922b9ff99ab7c4a8e4ded46fef7,803dea85bc63eed422a48d86e3d27575,b8af715d2f84a4c64c13d9beecd36750,74913fb30fe667030d2f26c329ef48ec,7193868d42cf8a3484c71708be3f97c9,c8d1c328f00399577ab3b3629ec90249

mauve-ions,2e54558,branch_commit,2023-12-12T22:56:04,,1.4178015,0.0077426,3.3880574,2.0556182,start 2018-02-08 00:59:00,end 2019-06-01 23:59:00,1.7392024,0.0081843,5.7378623,2.5068246,start 2018-01-30 07:59:00,end 2019-06-24 06:59:00,1,60,sharpe,./master/data-wip,master/data-raw/data_test_20180101_20190630.csv,master//rcode//logic/strategy_param.yaml,master//rcode//logic/WfHelper.yaml,21,10,37,30,35f18178ce195ef8f609cb4f47726b62,63da8fa68e81f8afef622a05846e7f08,3d5700dc71790987c3f80aa93cb67a16,3310723b4e1845e104cde447a91a8ab1,32c540309dc8d25a7a0bad6e9fa48dad,8ebe6e57e3670d0726b2a1fc09db0026,1de476369dbbd448bc00375263fa447b,b8e34bb760ba4a55e48626ccdbd7873f,d9205369da94f0c4315eb2111a4b0ac5,7234b769b0406eba54b493d221b76a1d,c50086c14e6cf330f06128d537e7aa36,dee9fb2aace0c71b6795403763cf6ceb,9324afadb93349dca55c9dc1fe2ed80f,553b26c7b7bb776d90941fdf714fdc46,fd7bb4e82f332ef272f63ffdf495ace7,549f5922b9ff99ab7c4a8e4ded46fef7,803dea85bc63eed422a48d86e3d27575,b8af715d2f84a4c64c13d9beecd36750,74913fb30fe667030d2f26c329ef48ec,7193868d42cf8a3484c71708be3f97c9,c8d1c328f00399577ab3b3629ec90249

stray-skis,3eb8a13,branch_commit,2023-12-12T22:55:11,,1.134268,0.0077415,2.2421829,1.6367942,start 2018-02-08 00:59:00,end 2019-06-01 23:59:00,1.522648,0.0081787,3.9863012,2.1865733,start 2018-01-30 07:59:00,end 2019-06-25 06:59:00,1,60,sharpe,./master/data-wip,master/data-raw/data_test_20180101_20190630.csv,master//rcode//logic/strategy_param.yaml,master//rcode//logic/WfHelper.yaml,21,7,37,30,35f18178ce195ef8f609cb4f47726b62,63da8fa68e81f8afef622a05846e7f08,3d5700dc71790987c3f80aa93cb67a16,3310723b4e1845e104cde447a91a8ab1,32c540309dc8d25a7a0bad6e9fa48dad,8ebe6e57e3670d0726b2a1fc09db0026,d0cf6a7fe9abd8378932215ab990824f,c2c1bca2768c8e3a79ba4afba7b0b40b,8ed1a0eed5c8f37962ba4a2217f9cd02,7234b769b0406eba54b493d221b76a1d,c50086c14e6cf330f06128d537e7aa36,dee9fb2aace0c71b6795403763cf6ceb,9324afadb93349dca55c9dc1fe2ed80f,553b26c7b7bb776d90941fdf714fdc46,fd7bb4e82f332ef272f63ffdf495ace7,549f5922b9ff99ab7c4a8e4ded46fef7,803dea85bc63eed422a48d86e3d27575,b8af715d2f84a4c64c13d9beecd36750,74913fb30fe667030d2f26c329ef48ec,7193868d42cf8a3484c71708be3f97c9,c8d1c328f00399577ab3b3629ec90249

nubby-tint,0bea62c,branch_commit,2023-12-12T22:54:21,,1.2635676,0.0077436,2.5350957,1.8288032,start 2018-02-08 00:59:00,end 2019-06-01 23:59:00,1.5058751,0.0083427,4.1707019,2.154503,start 2018-01-30 07:59:00,end 2019-06-29 06:59:00,1,60,sharpe,./master/data-wip,master/data-raw/data_test_20180101_20190630.csv,master//rcode//logic/strategy_param.yaml,master//rcode//logic/WfHelper.yaml,21,5,37,30,35f18178ce195ef8f609cb4f47726b62,63da8fa68e81f8afef622a05846e7f08,3d5700dc71790987c3f80aa93cb67a16,3310723b4e1845e104cde447a91a8ab1,32c540309dc8d25a7a0bad6e9fa48dad,8ebe6e57e3670d0726b2a1fc09db0026,8db630d492daca338bd6618d18bc734a,bafc10d70f99bc803f6ff3e222695252,f1651c5feb1389a598dc3843e8aea854,7234b769b0406eba54b493d221b76a1d,c50086c14e6cf330f06128d537e7aa36,dee9fb2aace0c71b6795403763cf6ceb,9324afadb93349dca55c9dc1fe2ed80f,553b26c7b7bb776d90941fdf714fdc46,fd7bb4e82f332ef272f63ffdf495ace7,549f5922b9ff99ab7c4a8e4ded46fef7,803dea85bc63eed422a48d86e3d27575,b8af715d2f84a4c64c13d9beecd36750,74913fb30fe667030d2f26c329ef48ec,7193868d42cf8a3484c71708be3f97c9,c8d1c328f00399577ab3b3629ec90249

ebony-heel,f0e1839,branch_commit,2023-12-12T22:53:34,,0.9381038,0.007743,1.2814442,1.3518447,start 2018-02-08 00:59:00,end 2019-06-01 23:59:00,1.3576328,0.0083468,3.0131319,1.9406738,start 2018-01-30 07:59:00,end 2019-06-30 06:59:00,1,60,sharpe,./master/data-wip,master/data-raw/data_test_20180101_20190630.csv,master//rcode//logic/strategy_param.yaml,master//rcode//logic/WfHelper.yaml,21,3,37,30,35f18178ce195ef8f609cb4f47726b62,63da8fa68e81f8afef622a05846e7f08,3d5700dc71790987c3f80aa93cb67a16,3310723b4e1845e104cde447a91a8ab1,32c540309dc8d25a7a0bad6e9fa48dad,8ebe6e57e3670d0726b2a1fc09db0026,efe6656ccdedefa8127a80dda055723d,8a0ceda6bb54e969913c15b7e4a44bef,295ccb12cd207c718214373e93e7bab1,7234b769b0406eba54b493d221b76a1d,c50086c14e6cf330f06128d537e7aa36,dee9fb2aace0c71b6795403763cf6ceb,9324afadb93349dca55c9dc1fe2ed80f,553b26c7b7bb776d90941fdf714fdc46,fd7bb4e82f332ef272f63ffdf495ace7,549f5922b9ff99ab7c4a8e4ded46fef7,803dea85bc63eed422a48d86e3d27575,b8af715d2f84a4c64c13d9beecd36750,74913fb30fe667030d2f26c329ef48ec,7193868d42cf8a3484c71708be3f97c9,c8d1c328f00399577ab3b3629ec90249

undue-tire,523bd2f,branch_commit,2023-12-12T22:52:31,,0.9417494,0.0077415,1.2894635,1.3556748,start 2018-02-08 00:59:00,end 2019-06-01 23:59:00,1.3763619,0.0083456,3.1985066,1.9661844,start 2018-01-30 07:59:00,end 2019-06-30 06:59:00,1,60,sharpe,./master/data-wip,master/data-raw/data_test_20180101_20190630.csv,master//rcode//logic/strategy_param.yaml,master//rcode//logic/WfHelper.yaml,21,2,37,30,35f18178ce195ef8f609cb4f47726b62,63da8fa68e81f8afef622a05846e7f08,3d5700dc71790987c3f80aa93cb67a16,3310723b4e1845e104cde447a91a8ab1,32c540309dc8d25a7a0bad6e9fa48dad,8ebe6e57e3670d0726b2a1fc09db0026,0c2db2f081dcdb52c8b3aee6468d4548,0278d6e7d057d88b4da5bd15f544c827,55ef267b8a9503c5a05871b87440b8a7,7234b769b0406eba54b493d221b76a1d,c50086c14e6cf330f06128d537e7aa36,dee9fb2aace0c71b6795403763cf6ceb,9324afadb93349dca55c9dc1fe2ed80f,553b26c7b7bb776d90941fdf714fdc46,fd7bb4e82f332ef272f63ffdf495ace7,549f5922b9ff99ab7c4a8e4ded46fef7,803dea85bc63eed422a48d86e3d27575,b8af715d2f84a4c64c13d9beecd36750,74913fb30fe667030d2f26c329ef48ec,7193868d42cf8a3484c71708be3f97c9,c8d1c328f00399577ab3b3629ec90249

nodal-erns,99ccab2,branch_commit,2023-12-12T22:51:21,,1.0284859,0.0077432,1.5835287,1.4813713,start 2018-02-08 00:59:00,end 2019-06-01 23:59:00,1.4403226,0.008347,3.6064035,2.058446,start 2018-01-30 07:59:00,end 2019-06-30 06:59:00,1,60,sharpe,./master/data-wip,master/data-raw/data_test_20180101_20190630.csv,master//rcode//logic/strategy_param.yaml,master//rcode//logic/WfHelper.yaml,21,1,37,30,35f18178ce195ef8f609cb4f47726b62,63da8fa68e81f8afef622a05846e7f08,3d5700dc71790987c3f80aa93cb67a16,3310723b4e1845e104cde447a91a8ab1,32c540309dc8d25a7a0bad6e9fa48dad,8ebe6e57e3670d0726b2a1fc09db0026,aae8ad809eab1322cf1626f2a83f487d,7cde00388c992742685c60951d9fc495,d84deb1e1457c340c18e201d12e0c467,7234b769b0406eba54b493d221b76a1d,c50086c14e6cf330f06128d537e7aa36,dee9fb2aace0c71b6795403763cf6ceb,9324afadb93349dca55c9dc1fe2ed80f,553b26c7b7bb776d90941fdf714fdc46,fd7bb4e82f332ef272f63ffdf495ace7,549f5922b9ff99ab7c4a8e4ded46fef7,803dea85bc63eed422a48d86e3d27575,b8af715d2f84a4c64c13d9beecd36750,74913fb30fe667030d2f26c329ef48ec,7193868d42cf8a3484c71708be3f97c9,c8d1c328f00399577ab3b3629ec90249

slant-lahs,e8ec6f7,branch_commit,2023-12-12T22:49:37,,1.0080057,0.0077425,1.5667803,1.4547262,start 2018-02-08 00:59:00,end 2019-06-01 23:59:00,1.0310367,0.0082854,1.8456876,1.4706621,start 2018-01-23 07:59:00,end 2019-06-11 06:59:00,1,60,sharpe,./master/data-wip,master/data-raw/data_test_20180101_20190630.csv,master//rcode//logic/strategy_param.yaml,master//rcode//logic/WfHelper.yaml,14,28,37,30,35f18178ce195ef8f609cb4f47726b62,63da8fa68e81f8afef622a05846e7f08,3d5700dc71790987c3f80aa93cb67a16,3310723b4e1845e104cde447a91a8ab1,32c540309dc8d25a7a0bad6e9fa48dad,8ebe6e57e3670d0726b2a1fc09db0026,e36f65953e7facfeb8c28363a7012cff,001054847e27bb528f8e757b3e0f51fd,c55d4f9c379434a32905cf23effee157,7234b769b0406eba54b493d221b76a1d,c50086c14e6cf330f06128d537e7aa36,dee9fb2aace0c71b6795403763cf6ceb,9324afadb93349dca55c9dc1fe2ed80f,553b26c7b7bb776d90941fdf714fdc46,fd7bb4e82f332ef272f63ffdf495ace7,549f5922b9ff99ab7c4a8e4ded46fef7,803dea85bc63eed422a48d86e3d27575,b8af715d2f84a4c64c13d9beecd36750,74913fb30fe667030d2f26c329ef48ec,7193868d42cf8a3484c71708be3f97c9,c8d1c328f00399577ab3b3629ec90249

huger-hack,ae13395,branch_commit,2023-12-12T22:48:47,,1.1481265,0.0077437,2.1575736,1.6564951,start 2018-02-08 00:59:00,end 2019-06-01 23:59:00,1.1957723,0.0082868,2.635223,1.7087741,start 2018-01-23 07:59:00,end 2019-06-11 06:59:00,1,60,sharpe,./master/data-wip,master/data-raw/data_test_20180101_20190630.csv,master//rcode//logic/strategy_param.yaml,master//rcode//logic/WfHelper.yaml,14,21,37,30,35f18178ce195ef8f609cb4f47726b62,63da8fa68e81f8afef622a05846e7f08,3d5700dc71790987c3f80aa93cb67a16,3310723b4e1845e104cde447a91a8ab1,32c540309dc8d25a7a0bad6e9fa48dad,8ebe6e57e3670d0726b2a1fc09db0026,868a25a08c17e69b38a4c2246a3e9767,da574782084361bb97d5be1902b6d540,ab11017719148c14db094a97ef5ffd30,7234b769b0406eba54b493d221b76a1d,c50086c14e6cf330f06128d537e7aa36,dee9fb2aace0c71b6795403763cf6ceb,9324afadb93349dca55c9dc1fe2ed80f,553b26c7b7bb776d90941fdf714fdc46,fd7bb4e82f332ef272f63ffdf495ace7,549f5922b9ff99ab7c4a8e4ded46fef7,803dea85bc63eed422a48d86e3d27575,b8af715d2f84a4c64c13d9beecd36750,74913fb30fe667030d2f26c329ef48ec,7193868d42cf8a3484c71708be3f97c9,c8d1c328f00399577ab3b3629ec90249

vogie-hose,2240e9b,branch_commit,2023-12-12T22:47:56,,1.3617673,0.0077427,3.2715995,1.9700938,start 2018-02-08 00:59:00,end 2019-06-01 23:59:00,1.51588,0.00826,3.9909164,2.169876,start 2018-01-23 07:59:00,end 2019-06-25 06:59:00,1,60,sharpe,./master/data-wip,master/data-raw/data_test_20180101_20190630.csv,master//rcode//logic/strategy_param.yaml,master//rcode//logic/WfHelper.yaml,14,14,37,30,35f18178ce195ef8f609cb4f47726b62,63da8fa68e81f8afef622a05846e7f08,3d5700dc71790987c3f80aa93cb67a16,3310723b4e1845e104cde447a91a8ab1,32c540309dc8d25a7a0bad6e9fa48dad,8ebe6e57e3670d0726b2a1fc09db0026,83df1b3811db9a15cbf7fe68dcce62f4,6f9a2cf4579874901cfa241e1faea7f5,478ae411dcafb076e0ff6a5c4badb8ee,7234b769b0406eba54b493d221b76a1d,c50086c14e6cf330f06128d537e7aa36,dee9fb2aace0c71b6795403763cf6ceb,9324afadb93349dca55c9dc1fe2ed80f,553b26c7b7bb776d90941fdf714fdc46,fd7bb4e82f332ef272f63ffdf495ace7,549f5922b9ff99ab7c4a8e4ded46fef7,803dea85bc63eed422a48d86e3d27575,b8af715d2f84a4c64c13d9beecd36750,74913fb30fe667030d2f26c329ef48ec,7193868d42cf8a3484c71708be3f97c9,c8d1c328f00399577ab3b3629ec90249

silky-gale,6a97185,branch_commit,2023-12-12T22:47:07,,1.4602064,0.0077438,4.5513891,2.1123925,start 2018-02-08 00:59:00,end 2019-06-01 23:59:00,1.4893329,0.0083389,5.5350823,2.1298525,start 2018-01-23 07:59:00,end 2019-06-27 06:59:00,1,60,sharpe,./master/data-wip,master/data-raw/data_test_20180101_20190630.csv,master//rcode//logic/strategy_param.yaml,master//rcode//logic/WfHelper.yaml,14,10,37,30,35f18178ce195ef8f609cb4f47726b62,63da8fa68e81f8afef622a05846e7f08,3d5700dc71790987c3f80aa93cb67a16,3310723b4e1845e104cde447a91a8ab1,32c540309dc8d25a7a0bad6e9fa48dad,8ebe6e57e3670d0726b2a1fc09db0026,c0fc28de9b17665231e404157d3faa9a,542ff35da93e2f9a5814c5458dc37b7c,83cb4defccf225c2cf4917290ebe51ae,7234b769b0406eba54b493d221b76a1d,c50086c14e6cf330f06128d537e7aa36,dee9fb2aace0c71b6795403763cf6ceb,9324afadb93349dca55c9dc1fe2ed80f,553b26c7b7bb776d90941fdf714fdc46,fd7bb4e82f332ef272f63ffdf495ace7,549f5922b9ff99ab7c4a8e4ded46fef7,803dea85bc63eed422a48d86e3d27575,b8af715d2f84a4c64c13d9beecd36750,74913fb30fe667030d2f26c329ef48ec,7193868d42cf8a3484c71708be3f97c9,c8d1c328f00399577ab3b3629ec90249

faint-kefs,1878f7b,branch_commit,2023-12-12T22:46:20,,1.1695747,0.0077445,2.7911002,1.6745731,start 2018-02-08 00:59:00,end 2019-06-01 23:59:00,1.2694131,0.0082617,2.79923,1.8007035,start 2018-01-23 07:59:00,end 2019-06-25 06:59:00,1,60,sharpe,./master/data-wip,master/data-raw/data_test_20180101_20190630.csv,master//rcode//logic/strategy_param.yaml,master//rcode//logic/WfHelper.yaml,14,7,37,30,35f18178ce195ef8f609cb4f47726b62,63da8fa68e81f8afef622a05846e7f08,3d5700dc71790987c3f80aa93cb67a16,3310723b4e1845e104cde447a91a8ab1,32c540309dc8d25a7a0bad6e9fa48dad,8ebe6e57e3670d0726b2a1fc09db0026,68f2d64f81696541f9d2af5eabf3aa64,b999dc1a6d6a140ae3c692710d21bad1,e8dbe5c3102a1d303ca15a794ee0d72f,7234b769b0406eba54b493d221b76a1d,c50086c14e6cf330f06128d537e7aa36,dee9fb2aace0c71b6795403763cf6ceb,9324afadb93349dca55c9dc1fe2ed80f,553b26c7b7bb776d90941fdf714fdc46,fd7bb4e82f332ef272f63ffdf495ace7,549f5922b9ff99ab7c4a8e4ded46fef7,803dea85bc63eed422a48d86e3d27575,b8af715d2f84a4c64c13d9beecd36750,74913fb30fe667030d2f26c329ef48ec,7193868d42cf8a3484c71708be3f97c9,c8d1c328f00399577ab3b3629ec90249

minus-over,344fdae,branch_commit,2023-12-12T22:45:29,,0.8464883,0.0077452,1.1058753,1.207434,start 2018-02-08 00:59:00,end 2019-06-01 23:59:00,0.929977,0.0083399,1.4000724,1.3126186,start 2018-01-23 07:59:00,end 2019-06-27 06:59:00,1,60,sharpe,./master/data-wip,master/data-raw/data_test_20180101_20190630.csv,master//rcode//logic/strategy_param.yaml,master//rcode//logic/WfHelper.yaml,14,5,37,30,35f18178ce195ef8f609cb4f47726b62,63da8fa68e81f8afef622a05846e7f08,3d5700dc71790987c3f80aa93cb67a16,3310723b4e1845e104cde447a91a8ab1,32c540309dc8d25a7a0bad6e9fa48dad,8ebe6e57e3670d0726b2a1fc09db0026,ae71f3617dcf0aaa8bffa6e840f4e480,a33344cc7a9dd26b5af6b8347c3e3d89,89ee2f3327981f11c977a5620412038e,7234b769b0406eba54b493d221b76a1d,c50086c14e6cf330f06128d537e7aa36,dee9fb2aace0c71b6795403763cf6ceb,9324afadb93349dca55c9dc1fe2ed80f,553b26c7b7bb776d90941fdf714fdc46,fd7bb4e82f332ef272f63ffdf495ace7,549f5922b9ff99ab7c4a8e4ded46fef7,803dea85bc63eed422a48d86e3d27575,b8af715d2f84a4c64c13d9beecd36750,74913fb30fe667030d2f26c329ef48ec,7193868d42cf8a3484c71708be3f97c9,c8d1c328f00399577ab3b3629ec90249

olive-help,e5d1ec1,branch_commit,2023-12-12T22:44:33,,1.3627815,0.0077421,3.5663897,1.9626749,start 2018-02-08 00:59:00,end 2019-06-01 23:59:00,1.2840276,0.0084176,3.303784,1.8197578,start 2018-01-23 07:59:00,end 2019-06-29 06:59:00,1,60,sharpe,./master/data-wip,master/data-raw/data_test_20180101_20190630.csv,master//rcode//logic/strategy_param.yaml,master//rcode//logic/WfHelper.yaml,14,3,37,30,35f18178ce195ef8f609cb4f47726b62,63da8fa68e81f8afef622a05846e7f08,3d5700dc71790987c3f80aa93cb67a16,3310723b4e1845e104cde447a91a8ab1,32c540309dc8d25a7a0bad6e9fa48dad,8ebe6e57e3670d0726b2a1fc09db0026,4445c475b0826421d6595e2f28c5c831,46958b7fdef8a7397dabc8674a973a91,c2b84af7f0c60c3c075d203a83c66060,7234b769b0406eba54b493d221b76a1d,c50086c14e6cf330f06128d537e7aa36,dee9fb2aace0c71b6795403763cf6ceb,9324afadb93349dca55c9dc1fe2ed80f,553b26c7b7bb776d90941fdf714fdc46,fd7bb4e82f332ef272f63ffdf495ace7,549f5922b9ff99ab7c4a8e4ded46fef7,803dea85bc63eed422a48d86e3d27575,b8af715d2f84a4c64c13d9beecd36750,74913fb30fe667030d2f26c329ef48ec,7193868d42cf8a3484c71708be3f97c9,c8d1c328f00399577ab3b3629ec90249

vapid-trug,f50b2f7,branch_commit,2023-12-12T22:43:27,,1.1415094,0.0077422,1.9668266,1.6341532,start 2018-02-08 00:59:00,end 2019-06-01 23:59:00,1.1198849,0.0084174,2.2428802,1.5800684,start 2018-01-23 07:59:00,end 2019-06-29 06:59:00,1,60,sharpe,./master/data-wip,master/data-raw/data_test_20180101_20190630.csv,master//rcode//logic/strategy_param.yaml,master//rcode//logic/WfHelper.yaml,14,2,37,30,35f18178ce195ef8f609cb4f47726b62,63da8fa68e81f8afef622a05846e7f08,3d5700dc71790987c3f80aa93cb67a16,3310723b4e1845e104cde447a91a8ab1,32c540309dc8d25a7a0bad6e9fa48dad,8ebe6e57e3670d0726b2a1fc09db0026,00137f1b32e902ffd260e04f24af85b8,6248479653889270752dcc812ecaacd4,b9adaf1cf3462dbf4f3c430d3c61f107,7234b769b0406eba54b493d221b76a1d,c50086c14e6cf330f06128d537e7aa36,dee9fb2aace0c71b6795403763cf6ceb,9324afadb93349dca55c9dc1fe2ed80f,553b26c7b7bb776d90941fdf714fdc46,fd7bb4e82f332ef272f63ffdf495ace7,549f5922b9ff99ab7c4a8e4ded46fef7,803dea85bc63eed422a48d86e3d27575,b8af715d2f84a4c64c13d9beecd36750,74913fb30fe667030d2f26c329ef48ec,7193868d42cf8a3484c71708be3f97c9,c8d1c328f00399577ab3b3629ec90249

gammy-dolt,a6838bb,branch_commit,2023-12-12T22:42:18,,0.8678893,0.0077422,1.1463845,1.2367781,start 2018-02-08 00:59:00,end 2019-06-01 23:59:00,0.921325,0.0084215,1.527136,1.2952761,start 2018-01-23 07:59:00,end 2019-06-30 06:59:00,1,60,sharpe,./master/data-wip,master/data-raw/data_test_20180101_20190630.csv,master//rcode//logic/strategy_param.yaml,master//rcode//logic/WfHelper.yaml,14,1,37,30,35f18178ce195ef8f609cb4f47726b62,63da8fa68e81f8afef622a05846e7f08,3d5700dc71790987c3f80aa93cb67a16,3310723b4e1845e104cde447a91a8ab1,32c540309dc8d25a7a0bad6e9fa48dad,8ebe6e57e3670d0726b2a1fc09db0026,03449e7c037159da2536ee25912367a2,7340f19ba3d5a03dd439c9077fa36c1d,bb38734aec97bee904a6226450360bcc,7234b769b0406eba54b493d221b76a1d,c50086c14e6cf330f06128d537e7aa36,dee9fb2aace0c71b6795403763cf6ceb,9324afadb93349dca55c9dc1fe2ed80f,553b26c7b7bb776d90941fdf714fdc46,fd7bb4e82f332ef272f63ffdf495ace7,549f5922b9ff99ab7c4a8e4ded46fef7,803dea85bc63eed422a48d86e3d27575,b8af715d2f84a4c64c13d9beecd36750,74913fb30fe667030d2f26c329ef48ec,7193868d42cf8a3484c71708be3f97c9,c8d1c328f00399577ab3b3629ec90249

cauld-wont,0e7457c,branch_commit,2023-12-12T22:40:32,,0.8368425,0.0077472,1.2114507,1.1937264,start 2018-02-08 00:59:00,end 2019-06-01 23:59:00,0.5708563,0.0084134,0.6367312,0.8048618,start 2018-01-19 07:59:00,end 2019-06-07 06:59:00,1,60,sharpe,./master/data-wip,master/data-raw/data_test_20180101_20190630.csv,master//rcode//logic/strategy_param.yaml,master//rcode//logic/WfHelper.yaml,10,28,37,30,35f18178ce195ef8f609cb4f47726b62,63da8fa68e81f8afef622a05846e7f08,3d5700dc71790987c3f80aa93cb67a16,3310723b4e1845e104cde447a91a8ab1,32c540309dc8d25a7a0bad6e9fa48dad,8ebe6e57e3670d0726b2a1fc09db0026,1a079d50f9a5a639a7683c232f3c6fa1,c5b79717ff1d1bef8857a6083c446783,efb635a65e2d1bde1f367dc3b36ed625,7234b769b0406eba54b493d221b76a1d,c50086c14e6cf330f06128d537e7aa36,dee9fb2aace0c71b6795403763cf6ceb,9324afadb93349dca55c9dc1fe2ed80f,553b26c7b7bb776d90941fdf714fdc46,fd7bb4e82f332ef272f63ffdf495ace7,549f5922b9ff99ab7c4a8e4ded46fef7,803dea85bc63eed422a48d86e3d27575,b8af715d2f84a4c64c13d9beecd36750,74913fb30fe667030d2f26c329ef48ec,7193868d42cf8a3484c71708be3f97c9,c8d1c328f00399577ab3b3629ec90249

techy-corm,6d38722,branch_commit,2023-12-12T22:40:02,,1.0689769,0.0077438,2.141753,1.5435146,start 2018-02-08 00:59:00,end 2019-06-01 23:59:00,1.1304376,0.0084953,2.6262414,1.614468,start 2018-01-19 07:59:00,end 2019-06-28 06:59:00,1,60,sharpe,./master/data-wip,master/data-raw/data_test_20180101_20190630.csv,master//rcode//logic/strategy_param.yaml,master//rcode//logic/WfHelper.yaml,10,21,37,30,35f18178ce195ef8f609cb4f47726b62,63da8fa68e81f8afef622a05846e7f08,3d5700dc71790987c3f80aa93cb67a16,3310723b4e1845e104cde447a91a8ab1,32c540309dc8d25a7a0bad6e9fa48dad,8ebe6e57e3670d0726b2a1fc09db0026,158c433cc5aa6d016a79ec4850dab2e4,7054af34c6f958ec635947d3f1f12072,bfbd7245479790389fd42499bc19a740,7234b769b0406eba54b493d221b76a1d,c50086c14e6cf330f06128d537e7aa36,dee9fb2aace0c71b6795403763cf6ceb,9324afadb93349dca55c9dc1fe2ed80f,553b26c7b7bb776d90941fdf714fdc46,fd7bb4e82f332ef272f63ffdf495ace7,549f5922b9ff99ab7c4a8e4ded46fef7,803dea85bc63eed422a48d86e3d27575,b8af715d2f84a4c64c13d9beecd36750,74913fb30fe667030d2f26c329ef48ec,7193868d42cf8a3484c71708be3f97c9,c8d1c328f00399577ab3b3629ec90249

soupy-weep,25bc1bb,branch_commit,2023-12-12T22:39:19,,1.1463287,0.0077433,2.5009111,1.6554769,start 2018-02-08 00:59:00,end 2019-06-01 23:59:00,1.0006632,0.0083577,1.7596489,1.4279076,start 2018-01-19 07:59:00,end 2019-06-21 06:59:00,1,60,sharpe,./master/data-wip,master/data-raw/data_test_20180101_20190630.csv,master//rcode//logic/strategy_param.yaml,master//rcode//logic/WfHelper.yaml,10,14,37,30,35f18178ce195ef8f609cb4f47726b62,63da8fa68e81f8afef622a05846e7f08,3d5700dc71790987c3f80aa93cb67a16,3310723b4e1845e104cde447a91a8ab1,32c540309dc8d25a7a0bad6e9fa48dad,8ebe6e57e3670d0726b2a1fc09db0026,5bbf3593a3b5e0b0eea9d924d17f3c28,b225100f4faef5ef906e3d79c6501698,7e1dfd8e2e9135e69ec3f864a7d7b4c4,7234b769b0406eba54b493d221b76a1d,c50086c14e6cf330f06128d537e7aa36,dee9fb2aace0c71b6795403763cf6ceb,9324afadb93349dca55c9dc1fe2ed80f,553b26c7b7bb776d90941fdf714fdc46,fd7bb4e82f332ef272f63ffdf495ace7,549f5922b9ff99ab7c4a8e4ded46fef7,803dea85bc63eed422a48d86e3d27575,b8af715d2f84a4c64c13d9beecd36750,74913fb30fe667030d2f26c329ef48ec,7193868d42cf8a3484c71708be3f97c9,c8d1c328f00399577ab3b3629ec90249

strip-tret,f2bfb7a,branch_commit,2023-12-12T22:38:34,,1.3162392,0.0077423,3.1581806,1.9037442,start 2018-02-08 00:59:00,end 2019-06-01 23:59:00,1.0172823,0.0083726,2.0862775,1.4529906,start 2018-01-19 07:59:00,end 2019-06-23 06:59:00,1,60,sharpe,./master/data-wip,master/data-raw/data_test_20180101_20190630.csv,master//rcode//logic/strategy_param.yaml,master//rcode//logic/WfHelper.yaml,10,10,37,30,35f18178ce195ef8f609cb4f47726b62,63da8fa68e81f8afef622a05846e7f08,3d5700dc71790987c3f80aa93cb67a16,3310723b4e1845e104cde447a91a8ab1,32c540309dc8d25a7a0bad6e9fa48dad,8ebe6e57e3670d0726b2a1fc09db0026,7076c0f0a2b4968fea87cd270ba266e8,3ea38766102942373e62bcc765d67a0d,688a07331f0138f9f47a948b5738d817,7234b769b0406eba54b493d221b76a1d,c50086c14e6cf330f06128d537e7aa36,dee9fb2aace0c71b6795403763cf6ceb,9324afadb93349dca55c9dc1fe2ed80f,553b26c7b7bb776d90941fdf714fdc46,fd7bb4e82f332ef272f63ffdf495ace7,549f5922b9ff99ab7c4a8e4ded46fef7,803dea85bc63eed422a48d86e3d27575,b8af715d2f84a4c64c13d9beecd36750,74913fb30fe667030d2f26c329ef48ec,7193868d42cf8a3484c71708be3f97c9,c8d1c328f00399577ab3b3629ec90249

tepid-delf,cb30549,branch_commit,2023-12-12T22:37:51,,1.1235055,0.0077429,1.8747191,1.6220624,start 2018-02-08 00:59:00,end 2019-06-01 23:59:00,1.0716048,0.0084949,2.0508579,1.525195,start 2018-01-19 07:59:00,end 2019-06-28 06:59:00,1,60,sharpe,./master/data-wip,master/data-raw/data_test_20180101_20190630.csv,master//rcode//logic/strategy_param.yaml,master//rcode//logic/WfHelper.yaml,10,7,37,30,35f18178ce195ef8f609cb4f47726b62,63da8fa68e81f8afef622a05846e7f08,3d5700dc71790987c3f80aa93cb67a16,3310723b4e1845e104cde447a91a8ab1,32c540309dc8d25a7a0bad6e9fa48dad,8ebe6e57e3670d0726b2a1fc09db0026,80070917ec2ce2d0931df0e2e68a8807,a5140c5aba051206fd0264d926adf7ed,23d1a56fab746c330dc9f4c8425c198f,7234b769b0406eba54b493d221b76a1d,c50086c14e6cf330f06128d537e7aa36,dee9fb2aace0c71b6795403763cf6ceb,9324afadb93349dca55c9dc1fe2ed80f,553b26c7b7bb776d90941fdf714fdc46,fd7bb4e82f332ef272f63ffdf495ace7,549f5922b9ff99ab7c4a8e4ded46fef7,803dea85bc63eed422a48d86e3d27575,b8af715d2f84a4c64c13d9beecd36750,74913fb30fe667030d2f26c329ef48ec,7193868d42cf8a3484c71708be3f97c9,c8d1c328f00399577ab3b3629ec90249

aided-sale,a87d6ab,branch_commit,2023-12-12T22:37:10,,0.940915,0.0077414,1.5202611,1.356423,start 2018-02-08 00:59:00,end 2019-06-01 23:59:00,0.8896465,0.0084937,1.6343871,1.2627884,start 2018-01-19 07:59:00,end 2019-06-28 06:59:00,1,60,sharpe,./master/data-wip,master/data-raw/data_test_20180101_20190630.csv,master//rcode//logic/strategy_param.yaml,master//rcode//logic/WfHelper.yaml,10,5,37,30,35f18178ce195ef8f609cb4f47726b62,63da8fa68e81f8afef622a05846e7f08,3d5700dc71790987c3f80aa93cb67a16,3310723b4e1845e104cde447a91a8ab1,32c540309dc8d25a7a0bad6e9fa48dad,8ebe6e57e3670d0726b2a1fc09db0026,1bc747c7901b1f7bfc69ead0ade1671c,77072172717122c4dbb3f91af67cd9cb,075c8c76c79379a2ea1fc24c18e9514e,7234b769b0406eba54b493d221b76a1d,c50086c14e6cf330f06128d537e7aa36,dee9fb2aace0c71b6795403763cf6ceb,9324afadb93349dca55c9dc1fe2ed80f,553b26c7b7bb776d90941fdf714fdc46,fd7bb4e82f332ef272f63ffdf495ace7,549f5922b9ff99ab7c4a8e4ded46fef7,803dea85bc63eed422a48d86e3d27575,b8af715d2f84a4c64c13d9beecd36750,74913fb30fe667030d2f26c329ef48ec,7193868d42cf8a3484c71708be3f97c9,c8d1c328f00399577ab3b3629ec90249

every-whey,81d5406,branch_commit,2023-12-12T22:36:28,,1.219116,0.0077418,2.296151,1.7478926,start 2018-02-08 00:59:00,end 2019-06-01 23:59:00,1.18362,0.0084929,2.6023951,1.6785305,start 2018-01-19 07:59:00,end 2019-06-28 06:59:00,1,60,sharpe,./master/data-wip,master/data-raw/data_test_20180101_20190630.csv,master//rcode//logic/strategy_param.yaml,master//rcode//logic/WfHelper.yaml,10,3,37,30,35f18178ce195ef8f609cb4f47726b62,63da8fa68e81f8afef622a05846e7f08,3d5700dc71790987c3f80aa93cb67a16,3310723b4e1845e104cde447a91a8ab1,32c540309dc8d25a7a0bad6e9fa48dad,8ebe6e57e3670d0726b2a1fc09db0026,83acab32e416cdb4cd2eba698871788c,cefbc8ae184ad111de9562f0cd4026da,9dafcd4b24cbed81dc3f4fc6d44c3045,7234b769b0406eba54b493d221b76a1d,c50086c14e6cf330f06128d537e7aa36,dee9fb2aace0c71b6795403763cf6ceb,9324afadb93349dca55c9dc1fe2ed80f,553b26c7b7bb776d90941fdf714fdc46,fd7bb4e82f332ef272f63ffdf495ace7,549f5922b9ff99ab7c4a8e4ded46fef7,803dea85bc63eed422a48d86e3d27575,b8af715d2f84a4c64c13d9beecd36750,74913fb30fe667030d2f26c329ef48ec,7193868d42cf8a3484c71708be3f97c9,c8d1c328f00399577ab3b3629ec90249

zingy-hulk,aca9c17,branch_commit,2023-12-12T22:35:34,,0.9491393,0.0077433,1.2823116,1.3645058,start 2018-02-08 00:59:00,end 2019-06-01 23:59:00,0.8915466,0.0085205,1.3671345,1.2650806,start 2018-01-19 07:59:00,end 2019-06-29 06:59:00,1,60,sharpe,./master/data-wip,master/data-raw/data_test_20180101_20190630.csv,master//rcode//logic/strategy_param.yaml,master//rcode//logic/WfHelper.yaml,10,2,37,30,35f18178ce195ef8f609cb4f47726b62,63da8fa68e81f8afef622a05846e7f08,3d5700dc71790987c3f80aa93cb67a16,3310723b4e1845e104cde447a91a8ab1,32c540309dc8d25a7a0bad6e9fa48dad,8ebe6e57e3670d0726b2a1fc09db0026,6c3605832fbb0024779f4854939e356f,e7ac085400525249a95093fe258d2cf6,1599fc2ad3ba033211e7cae5c06d38b7,7234b769b0406eba54b493d221b76a1d,c50086c14e6cf330f06128d537e7aa36,dee9fb2aace0c71b6795403763cf6ceb,9324afadb93349dca55c9dc1fe2ed80f,553b26c7b7bb776d90941fdf714fdc46,fd7bb4e82f332ef272f63ffdf495ace7,549f5922b9ff99ab7c4a8e4ded46fef7,803dea85bc63eed422a48d86e3d27575,b8af715d2f84a4c64c13d9beecd36750,74913fb30fe667030d2f26c329ef48ec,7193868d42cf8a3484c71708be3f97c9,c8d1c328f00399577ab3b3629ec90249

mated-rial,64b9451,branch_commit,2023-12-12T22:34:41,,0.6352626,0.0077436,0.6260857,0.9093711,start 2018-02-08 00:59:00,end 2019-06-01 23:59:00,0.3450722,0.008525,0.2237551,0.4848911,start 2018-01-19 07:59:00,end 2019-06-30 06:59:00,1,60,sharpe,./master/data-wip,master/data-raw/data_test_20180101_20190630.csv,master//rcode//logic/strategy_param.yaml,master//rcode//logic/WfHelper.yaml,10,1,37,30,35f18178ce195ef8f609cb4f47726b62,63da8fa68e81f8afef622a05846e7f08,3d5700dc71790987c3f80aa93cb67a16,3310723b4e1845e104cde447a91a8ab1,32c540309dc8d25a7a0bad6e9fa48dad,8ebe6e57e3670d0726b2a1fc09db0026,a3b2bfe40cae7224b26d171cb6c13dfe,a18be2e39172075838392f563410a7fc,1f16a73c5e38706d9910c2ce8da3c896,7234b769b0406eba54b493d221b76a1d,c50086c14e6cf330f06128d537e7aa36,dee9fb2aace0c71b6795403763cf6ceb,9324afadb93349dca55c9dc1fe2ed80f,553b26c7b7bb776d90941fdf714fdc46,fd7bb4e82f332ef272f63ffdf495ace7,549f5922b9ff99ab7c4a8e4ded46fef7,803dea85bc63eed422a48d86e3d27575,b8af715d2f84a4c64c13d9beecd36750,74913fb30fe667030d2f26c329ef48ec,7193868d42cf8a3484c71708be3f97c9,c8d1c328f00399577ab3b3629ec90249

manly-hour,34aa2e8,branch_commit,2023-12-12T22:33:27,,1.2866943,0.0077458,3.9183952,1.8708112,start 2018-02-08 00:59:00,end 2019-06-01 23:59:00,1.0640635,0.0087127,1.725319,1.5265557,start 2018-01-16 07:59:00,end 2019-06-04 06:59:00,1,60,sharpe,./master/data-wip,master/data-raw/data_test_20180101_20190630.csv,master//rcode//logic/strategy_param.yaml,master//rcode//logic/WfHelper.yaml,7,28,37,30,35f18178ce195ef8f609cb4f47726b62,63da8fa68e81f8afef622a05846e7f08,3d5700dc71790987c3f80aa93cb67a16,3310723b4e1845e104cde447a91a8ab1,32c540309dc8d25a7a0bad6e9fa48dad,8ebe6e57e3670d0726b2a1fc09db0026,8f91d45c1fa93c37d944c54f7a4c3249,137f9108db67af22eae7069e1c1d91d5,f4b230db67c71b80383f56e6af731887,7234b769b0406eba54b493d221b76a1d,c50086c14e6cf330f06128d537e7aa36,dee9fb2aace0c71b6795403763cf6ceb,9324afadb93349dca55c9dc1fe2ed80f,553b26c7b7bb776d90941fdf714fdc46,fd7bb4e82f332ef272f63ffdf495ace7,549f5922b9ff99ab7c4a8e4ded46fef7,803dea85bc63eed422a48d86e3d27575,b8af715d2f84a4c64c13d9beecd36750,74913fb30fe667030d2f26c329ef48ec,7193868d42cf8a3484c71708be3f97c9,c8d1c328f00399577ab3b3629ec90249

pavid-ears,d85234b,branch_commit,2023-12-12T22:32:52,,1.4635061,0.0077436,3.9320967,2.1275906,start 2018-02-08 00:59:00,end 2019-06-01 23:59:00,1.3044141,0.0086582,2.6839052,1.8753635,start 2018-01-16 07:59:00,end 2019-06-25 06:59:00,1,60,sharpe,./master/data-wip,master/data-raw/data_test_20180101_20190630.csv,master//rcode//logic/strategy_param.yaml,master//rcode//logic/WfHelper.yaml,7,21,37,30,35f18178ce195ef8f609cb4f47726b62,63da8fa68e81f8afef622a05846e7f08,3d5700dc71790987c3f80aa93cb67a16,3310723b4e1845e104cde447a91a8ab1,32c540309dc8d25a7a0bad6e9fa48dad,8ebe6e57e3670d0726b2a1fc09db0026,8904349aa7923372de25d18a496accf7,5930cfa4c8287ff6f926c087431b2ef2,7a44c8db39b18dcf1cb3e484e57823b3,7234b769b0406eba54b493d221b76a1d,c50086c14e6cf330f06128d537e7aa36,dee9fb2aace0c71b6795403763cf6ceb,9324afadb93349dca55c9dc1fe2ed80f,553b26c7b7bb776d90941fdf714fdc46,fd7bb4e82f332ef272f63ffdf495ace7,549f5922b9ff99ab7c4a8e4ded46fef7,803dea85bc63eed422a48d86e3d27575,b8af715d2f84a4c64c13d9beecd36750,74913fb30fe667030d2f26c329ef48ec,7193868d42cf8a3484c71708be3f97c9,c8d1c328f00399577ab3b3629ec90249

flown-gaby,f8f16e1,branch_commit,2023-12-12T22:32:16,,0.8779462,0.0077477,1.5427028,1.2646959,start 2018-02-08 00:59:00,end 2019-06-01 23:59:00,0.8424072,0.0086722,1.1059704,1.2032551,start 2018-01-16 07:59:00,end 2019-06-18 06:59:00,1,60,sharpe,./master/data-wip,master/data-raw/data_test_20180101_20190630.csv,master//rcode//logic/strategy_param.yaml,master//rcode//logic/WfHelper.yaml,7,14,37,30,35f18178ce195ef8f609cb4f47726b62,63da8fa68e81f8afef622a05846e7f08,3d5700dc71790987c3f80aa93cb67a16,3310723b4e1845e104cde447a91a8ab1,32c540309dc8d25a7a0bad6e9fa48dad,8ebe6e57e3670d0726b2a1fc09db0026,f1f4af8b32012dcaff6a03056ce7aad4,1c9d958daba5c56687c0c3d94dd1934c,be89eb8736754c139a2617d102a933af,7234b769b0406eba54b493d221b76a1d,c50086c14e6cf330f06128d537e7aa36,dee9fb2aace0c71b6795403763cf6ceb,9324afadb93349dca55c9dc1fe2ed80f,553b26c7b7bb776d90941fdf714fdc46,fd7bb4e82f332ef272f63ffdf495ace7,549f5922b9ff99ab7c4a8e4ded46fef7,803dea85bc63eed422a48d86e3d27575,b8af715d2f84a4c64c13d9beecd36750,74913fb30fe667030d2f26c329ef48ec,7193868d42cf8a3484c71708be3f97c9,c8d1c328f00399577ab3b3629ec90249

wider-cult,3ee0837,branch_commit,2023-12-12T22:31:39,,1.0121227,0.0077436,1.8779477,1.4527301,start 2018-02-08 00:59:00,end 2019-06-01 23:59:00,0.655662,0.0088076,0.6991119,0.9282953,start 2018-01-16 07:59:00,end 2019-06-30 06:59:00,1,60,sharpe,./master/data-wip,master/data-raw/data_test_20180101_20190630.csv,master//rcode//logic/strategy_param.yaml,master//rcode//logic/WfHelper.yaml,7,10,37,30,35f18178ce195ef8f609cb4f47726b62,63da8fa68e81f8afef622a05846e7f08,3d5700dc71790987c3f80aa93cb67a16,3310723b4e1845e104cde447a91a8ab1,32c540309dc8d25a7a0bad6e9fa48dad,8ebe6e57e3670d0726b2a1fc09db0026,ff1c9fafaeb313d3089c435b0dbf1e3d,9ad83a06898134da5ad91526267fa326,d09d3c541db52a8e446f88365d801d1b,7234b769b0406eba54b493d221b76a1d,c50086c14e6cf330f06128d537e7aa36,dee9fb2aace0c71b6795403763cf6ceb,9324afadb93349dca55c9dc1fe2ed80f,553b26c7b7bb776d90941fdf714fdc46,fd7bb4e82f332ef272f63ffdf495ace7,549f5922b9ff99ab7c4a8e4ded46fef7,803dea85bc63eed422a48d86e3d27575,b8af715d2f84a4c64c13d9beecd36750,74913fb30fe667030d2f26c329ef48ec,7193868d42cf8a3484c71708be3f97c9,c8d1c328f00399577ab3b3629ec90249

cauld-banc,a81a4b9,branch_commit,2023-12-12T22:31:00,,0.9723355,0.0077444,1.7364127,1.3931547,start 2018-02-08 00:59:00,end 2019-06-01 23:59:00,0.9461898,0.0086589,1.9058347,1.3480182,start 2018-01-16 07:59:00,end 2019-06-25 06:59:00,1,60,sharpe,./master/data-wip,master/data-raw/data_test_20180101_20190630.csv,master//rcode//logic/strategy_param.yaml,master//rcode//logic/WfHelper.yaml,7,7,37,30,35f18178ce195ef8f609cb4f47726b62,63da8fa68e81f8afef622a05846e7f08,3d5700dc71790987c3f80aa93cb67a16,3310723b4e1845e104cde447a91a8ab1,32c540309dc8d25a7a0bad6e9fa48dad,8ebe6e57e3670d0726b2a1fc09db0026,8f174dca731ff923adbcb86c796e2279,2975b15aa58ecf89eb7b32aaf8d7e4e7,c8d7b5000b0bb7ab995553f517743006,7234b769b0406eba54b493d221b76a1d,c50086c14e6cf330f06128d537e7aa36,dee9fb2aace0c71b6795403763cf6ceb,9324afadb93349dca55c9dc1fe2ed80f,553b26c7b7bb776d90941fdf714fdc46,fd7bb4e82f332ef272f63ffdf495ace7,549f5922b9ff99ab7c4a8e4ded46fef7,803dea85bc63eed422a48d86e3d27575,b8af715d2f84a4c64c13d9beecd36750,74913fb30fe667030d2f26c329ef48ec,7193868d42cf8a3484c71708be3f97c9,c8d1c328f00399577ab3b3629ec90249

varus-he'd,bd269c3,branch_commit,2023-12-12T22:30:22,,0.8974235,0.0077472,1.4322906,1.2856137,start 2018-02-08 00:59:00,end 2019-06-01 23:59:00,0.8136781,0.0088106,1.4816363,1.1527145,start 2018-01-16 07:59:00,end 2019-06-30 06:59:00,1,60,sharpe,./master/data-wip,master/data-raw/data_test_20180101_20190630.csv,master//rcode//logic/strategy_param.yaml,master//rcode//logic/WfHelper.yaml,7,5,37,30,35f18178ce195ef8f609cb4f47726b62,63da8fa68e81f8afef622a05846e7f08,3d5700dc71790987c3f80aa93cb67a16,3310723b4e1845e104cde447a91a8ab1,32c540309dc8d25a7a0bad6e9fa48dad,8ebe6e57e3670d0726b2a1fc09db0026,67b31a756a983c3245c91009597ab3ef,9425957ef5cc7f9d82dd92bcf4b3dfee,b40e2f67f946d197a59e764dda6d52a9,7234b769b0406eba54b493d221b76a1d,c50086c14e6cf330f06128d537e7aa36,dee9fb2aace0c71b6795403763cf6ceb,9324afadb93349dca55c9dc1fe2ed80f,553b26c7b7bb776d90941fdf714fdc46,fd7bb4e82f332ef272f63ffdf495ace7,549f5922b9ff99ab7c4a8e4ded46fef7,803dea85bc63eed422a48d86e3d27575,b8af715d2f84a4c64c13d9beecd36750,74913fb30fe667030d2f26c329ef48ec,7193868d42cf8a3484c71708be3f97c9,c8d1c328f00399577ab3b3629ec90249

picky-gnat,df47604,branch_commit,2023-12-12T22:29:39,,1.2147864,0.0077448,2.0185126,1.7478744,start 2018-02-08 00:59:00,end 2019-06-01 23:59:00,0.9673413,0.008781,1.5996385,1.3746812,start 2018-01-16 07:59:00,end 2019-06-28 06:59:00,1,60,sharpe,./master/data-wip,master/data-raw/data_test_20180101_20190630.csv,master//rcode//logic/strategy_param.yaml,master//rcode//logic/WfHelper.yaml,7,3,37,30,35f18178ce195ef8f609cb4f47726b62,63da8fa68e81f8afef622a05846e7f08,3d5700dc71790987c3f80aa93cb67a16,3310723b4e1845e104cde447a91a8ab1,32c540309dc8d25a7a0bad6e9fa48dad,8ebe6e57e3670d0726b2a1fc09db0026,a2834fbea8e06bb9f2c9824b6f4eb119,bfff629eb04a9ee015488243abae0c6c,0ca624e20a67fbee10a4383fab0413a1,7234b769b0406eba54b493d221b76a1d,c50086c14e6cf330f06128d537e7aa36,dee9fb2aace0c71b6795403763cf6ceb,9324afadb93349dca55c9dc1fe2ed80f,553b26c7b7bb776d90941fdf714fdc46,fd7bb4e82f332ef272f63ffdf495ace7,549f5922b9ff99ab7c4a8e4ded46fef7,803dea85bc63eed422a48d86e3d27575,b8af715d2f84a4c64c13d9beecd36750,74913fb30fe667030d2f26c329ef48ec,7193868d42cf8a3484c71708be3f97c9,c8d1c328f00399577ab3b3629ec90249

level-term,274c580,branch_commit,2023-12-12T22:28:51,,1.0541236,0.0077452,1.8958721,1.5141992,start 2018-02-08 00:59:00,end 2019-06-01 23:59:00,0.7757322,0.008808,1.2919275,1.1004197,start 2018-01-16 07:59:00,end 2019-06-30 06:59:00,1,60,sharpe,./master/data-wip,master/data-raw/data_test_20180101_20190630.csv,master//rcode//logic/strategy_param.yaml,master//rcode//logic/WfHelper.yaml,7,2,37,30,35f18178ce195ef8f609cb4f47726b62,63da8fa68e81f8afef622a05846e7f08,3d5700dc71790987c3f80aa93cb67a16,3310723b4e1845e104cde447a91a8ab1,32c540309dc8d25a7a0bad6e9fa48dad,8ebe6e57e3670d0726b2a1fc09db0026,302337c3e366d5759c45d29ea11d4b80,c34c56f916f743421f1adeaeabf347d2,39cbf764f5c04638c2fb0fd48756da9a,7234b769b0406eba54b493d221b76a1d,c50086c14e6cf330f06128d537e7aa36,dee9fb2aace0c71b6795403763cf6ceb,9324afadb93349dca55c9dc1fe2ed80f,553b26c7b7bb776d90941fdf714fdc46,fd7bb4e82f332ef272f63ffdf495ace7,549f5922b9ff99ab7c4a8e4ded46fef7,803dea85bc63eed422a48d86e3d27575,b8af715d2f84a4c64c13d9beecd36750,74913fb30fe667030d2f26c329ef48ec,7193868d42cf8a3484c71708be3f97c9,c8d1c328f00399577ab3b3629ec90249

cushy-gram,f448747,branch_commit,2023-12-12T22:27:59,,1.0992167,0.0077449,2.2376743,1.587256,start 2018-02-08 00:59:00,end 2019-06-01 23:59:00,0.9119663,0.0088085,1.7168392,1.301614,start 2018-01-16 07:59:00,end 2019-06-30 06:59:00,1,60,sharpe,./master/data-wip,master/data-raw/data_test_20180101_20190630.csv,master//rcode//logic/strategy_param.yaml,master//rcode//logic/WfHelper.yaml,7,1,37,30,35f18178ce195ef8f609cb4f47726b62,63da8fa68e81f8afef622a05846e7f08,3d5700dc71790987c3f80aa93cb67a16,3310723b4e1845e104cde447a91a8ab1,32c540309dc8d25a7a0bad6e9fa48dad,8ebe6e57e3670d0726b2a1fc09db0026,28ec02d127dfbd3c164543ca0c300c72,ccde687a24909d35d6736e2064f55e5e,f367282581918538ef20fceea25f3ea5,7234b769b0406eba54b493d221b76a1d,c50086c14e6cf330f06128d537e7aa36,dee9fb2aace0c71b6795403763cf6ceb,9324afadb93349dca55c9dc1fe2ed80f,553b26c7b7bb776d90941fdf714fdc46,fd7bb4e82f332ef272f63ffdf495ace7,549f5922b9ff99ab7c4a8e4ded46fef7,803dea85bc63eed422a48d86e3d27575,b8af715d2f84a4c64c13d9beecd36750,74913fb30fe667030d2f26c329ef48ec,7193868d42cf8a3484c71708be3f97c9,c8d1c328f00399577ab3b3629ec90249

ahull-loge,080c64a,branch_commit,2023-12-12T22:26:49,,1.117296,0.0077438,2.8082715,1.5965175,start 2018-02-08 00:59:00,end 2019-06-01 23:59:00,1.1903296,0.0088212,2.3074119,1.6860444,start 2018-01-14 07:59:00,end 2019-06-30 06:59:00,1,60,sharpe,./master/data-wip,master/data-raw/data_test_20180101_20190630.csv,master//rcode//logic/strategy_param.yaml,master//rcode//logic/WfHelper.yaml,5,28,37,30,35f18178ce195ef8f609cb4f47726b62,63da8fa68e81f8afef622a05846e7f08,3d5700dc71790987c3f80aa93cb67a16,3310723b4e1845e104cde447a91a8ab1,32c540309dc8d25a7a0bad6e9fa48dad,8ebe6e57e3670d0726b2a1fc09db0026,5c676e2ece1deb0ca1909fb56702be17,4793042819294a83e290951fa86d0011,0fb73186b2ca88ecf8c1df99364ecc14,7234b769b0406eba54b493d221b76a1d,c50086c14e6cf330f06128d537e7aa36,dee9fb2aace0c71b6795403763cf6ceb,9324afadb93349dca55c9dc1fe2ed80f,553b26c7b7bb776d90941fdf714fdc46,fd7bb4e82f332ef272f63ffdf495ace7,549f5922b9ff99ab7c4a8e4ded46fef7,803dea85bc63eed422a48d86e3d27575,b8af715d2f84a4c64c13d9beecd36750,74913fb30fe667030d2f26c329ef48ec,7193868d42cf8a3484c71708be3f97c9,c8d1c328f00399577ab3b3629ec90249

eight-bunk,5152d1c,branch_commit,2023-12-12T22:26:13,,1.2222631,0.0077471,3.0461791,1.7394732,start 2018-02-08 00:59:00,end 2019-06-01 23:59:00,1.1507869,0.008682,2.0946802,1.6309735,start 2018-01-14 07:59:00,end 2019-06-23 06:59:00,1,60,sharpe,./master/data-wip,master/data-raw/data_test_20180101_20190630.csv,master//rcode//logic/strategy_param.yaml,master//rcode//logic/WfHelper.yaml,5,21,37,30,35f18178ce195ef8f609cb4f47726b62,63da8fa68e81f8afef622a05846e7f08,3d5700dc71790987c3f80aa93cb67a16,3310723b4e1845e104cde447a91a8ab1,32c540309dc8d25a7a0bad6e9fa48dad,8ebe6e57e3670d0726b2a1fc09db0026,90fcf0c500af1e2df555b02546e05520,cade04e80813010f58553e5ccf3b6cae,f94c09103ce37189ad01b2348840c009,7234b769b0406eba54b493d221b76a1d,c50086c14e6cf330f06128d537e7aa36,dee9fb2aace0c71b6795403763cf6ceb,9324afadb93349dca55c9dc1fe2ed80f,553b26c7b7bb776d90941fdf714fdc46,fd7bb4e82f332ef272f63ffdf495ace7,549f5922b9ff99ab7c4a8e4ded46fef7,803dea85bc63eed422a48d86e3d27575,b8af715d2f84a4c64c13d9beecd36750,74913fb30fe667030d2f26c329ef48ec,7193868d42cf8a3484c71708be3f97c9,c8d1c328f00399577ab3b3629ec90249

forky-lame,8a49a7f,branch_commit,2023-12-12T22:25:35,,0.8926331,0.0077479,1.3226382,1.2736527,start 2018-02-08 00:59:00,end 2019-06-01 23:59:00,0.8205147,0.008824,1.0803289,1.1615469,start 2018-01-14 07:59:00,end 2019-06-30 06:59:00,1,60,sharpe,./master/data-wip,master/data-raw/data_test_20180101_20190630.csv,master//rcode//logic/strategy_param.yaml,master//rcode//logic/WfHelper.yaml,5,14,37,30,35f18178ce195ef8f609cb4f47726b62,63da8fa68e81f8afef622a05846e7f08,3d5700dc71790987c3f80aa93cb67a16,3310723b4e1845e104cde447a91a8ab1,32c540309dc8d25a7a0bad6e9fa48dad,8ebe6e57e3670d0726b2a1fc09db0026,fff4f53c09efa20524f1e8bb496c80b3,db2eaef749e1f7af16cc3d0e9000d2c4,58b0a1599a1c57ca66b31ccbe80feb01,7234b769b0406eba54b493d221b76a1d,c50086c14e6cf330f06128d537e7aa36,dee9fb2aace0c71b6795403763cf6ceb,9324afadb93349dca55c9dc1fe2ed80f,553b26c7b7bb776d90941fdf714fdc46,fd7bb4e82f332ef272f63ffdf495ace7,549f5922b9ff99ab7c4a8e4ded46fef7,803dea85bc63eed422a48d86e3d27575,b8af715d2f84a4c64c13d9beecd36750,74913fb30fe667030d2f26c329ef48ec,7193868d42cf8a3484c71708be3f97c9,c8d1c328f00399577ab3b3629ec90249

union-fore,e515d02,branch_commit,2023-12-12T22:24:59,,0.9722431,0.0077488,1.4155788,1.3979723,start 2018-02-08 00:59:00,end 2019-06-01 23:59:00,1.3296871,0.0087975,3.3262017,1.9116085,start 2018-01-14 07:59:00,end 2019-06-28 06:59:00,1,60,sharpe,./master/data-wip,master/data-raw/data_test_20180101_20190630.csv,master//rcode//logic/strategy_param.yaml,master//rcode//logic/WfHelper.yaml,5,10,37,30,35f18178ce195ef8f609cb4f47726b62,63da8fa68e81f8afef622a05846e7f08,3d5700dc71790987c3f80aa93cb67a16,3310723b4e1845e104cde447a91a8ab1,32c540309dc8d25a7a0bad6e9fa48dad,8ebe6e57e3670d0726b2a1fc09db0026,08b4a6f10908732beced75560318df11,e66d3f2cd02905f8dbf3ad7894cb387b,835ddd584f1d6d15c3adc8b8961589a5,7234b769b0406eba54b493d221b76a1d,c50086c14e6cf330f06128d537e7aa36,dee9fb2aace0c71b6795403763cf6ceb,9324afadb93349dca55c9dc1fe2ed80f,553b26c7b7bb776d90941fdf714fdc46,fd7bb4e82f332ef272f63ffdf495ace7,549f5922b9ff99ab7c4a8e4ded46fef7,803dea85bc63eed422a48d86e3d27575,b8af715d2f84a4c64c13d9beecd36750,74913fb30fe667030d2f26c329ef48ec,7193868d42cf8a3484c71708be3f97c9,c8d1c328f00399577ab3b3629ec90249

nifty-morn,aeb75f8,branch_commit,2023-12-12T22:24:22,,1.0991591,0.0077466,2.378353,1.5649311,start 2018-02-08 00:59:00,end 2019-06-01 23:59:00,0.859047,0.0088241,1.4042703,1.2126398,start 2018-01-14 07:59:00,end 2019-06-30 06:59:00,1,60,sharpe,./master/data-wip,master/data-raw/data_test_20180101_20190630.csv,master//rcode//logic/strategy_param.yaml,master//rcode//logic/WfHelper.yaml,5,7,37,30,35f18178ce195ef8f609cb4f47726b62,63da8fa68e81f8afef622a05846e7f08,3d5700dc71790987c3f80aa93cb67a16,3310723b4e1845e104cde447a91a8ab1,32c540309dc8d25a7a0bad6e9fa48dad,8ebe6e57e3670d0726b2a1fc09db0026,96afedd85e96a2c162e26538aae82c2d,ea65138f82490bfcc0c426c5019edf6e,7ef484d1e62e40c68487777eb2b987fa,7234b769b0406eba54b493d221b76a1d,c50086c14e6cf330f06128d537e7aa36,dee9fb2aace0c71b6795403763cf6ceb,9324afadb93349dca55c9dc1fe2ed80f,553b26c7b7bb776d90941fdf714fdc46,fd7bb4e82f332ef272f63ffdf495ace7,549f5922b9ff99ab7c4a8e4ded46fef7,803dea85bc63eed422a48d86e3d27575,b8af715d2f84a4c64c13d9beecd36750,74913fb30fe667030d2f26c329ef48ec,7193868d42cf8a3484c71708be3f97c9,c8d1c328f00399577ab3b3629ec90249

regal-main,3fe7642,branch_commit,2023-12-12T22:23:37,,1.0574833,0.0077469,1.5839757,1.5271597,start 2018-02-08 00:59:00,end 2019-06-01 23:59:00,1.1218443,0.0087964,2.2396941,1.6064388,start 2018-01-14 07:59:00,end 2019-06-28 06:59:00,1,60,sharpe,./master/data-wip,master/data-raw/data_test_20180101_20190630.csv,master//rcode//logic/strategy_param.yaml,master//rcode//logic/WfHelper.yaml,5,5,37,30,35f18178ce195ef8f609cb4f47726b62,63da8fa68e81f8afef622a05846e7f08,3d5700dc71790987c3f80aa93cb67a16,3310723b4e1845e104cde447a91a8ab1,32c540309dc8d25a7a0bad6e9fa48dad,8ebe6e57e3670d0726b2a1fc09db0026,7a615ab6b891754a17b0917527b7e8f5,65297f5e3260a57deb9eb27c6914b554,7cfa55e0737e0db437531362107b430e,7234b769b0406eba54b493d221b76a1d,c50086c14e6cf330f06128d537e7aa36,dee9fb2aace0c71b6795403763cf6ceb,9324afadb93349dca55c9dc1fe2ed80f,553b26c7b7bb776d90941fdf714fdc46,fd7bb4e82f332ef272f63ffdf495ace7,549f5922b9ff99ab7c4a8e4ded46fef7,803dea85bc63eed422a48d86e3d27575,b8af715d2f84a4c64c13d9beecd36750,74913fb30fe667030d2f26c329ef48ec,7193868d42cf8a3484c71708be3f97c9,c8d1c328f00399577ab3b3629ec90249

zinky-clay,02e651c,branch_commit,2023-12-12T22:22:55,,1.1872937,0.007746,2.0159532,1.7228777,start 2018-02-08 00:59:00,end 2019-06-01 23:59:00,1.0440651,0.0088191,1.9675435,1.4974453,start 2018-01-14 07:59:00,end 2019-06-29 06:59:00,1,60,sharpe,./master/data-wip,master/data-raw/data_test_20180101_20190630.csv,master//rcode//logic/strategy_param.yaml,master//rcode//logic/WfHelper.yaml,5,3,37,30,35f18178ce195ef8f609cb4f47726b62,63da8fa68e81f8afef622a05846e7f08,3d5700dc71790987c3f80aa93cb67a16,3310723b4e1845e104cde447a91a8ab1,32c540309dc8d25a7a0bad6e9fa48dad,8ebe6e57e3670d0726b2a1fc09db0026,83bc12e4b998bb1a69f4adc9183ad2af,972b186c16b1576ee133d0a2d9e8df1e,0f7bd3acf0ea3aed726c6babf3131398,7234b769b0406eba54b493d221b76a1d,c50086c14e6cf330f06128d537e7aa36,dee9fb2aace0c71b6795403763cf6ceb,9324afadb93349dca55c9dc1fe2ed80f,553b26c7b7bb776d90941fdf714fdc46,fd7bb4e82f332ef272f63ffdf495ace7,549f5922b9ff99ab7c4a8e4ded46fef7,803dea85bc63eed422a48d86e3d27575,b8af715d2f84a4c64c13d9beecd36750,74913fb30fe667030d2f26c329ef48ec,7193868d42cf8a3484c71708be3f97c9,c8d1c328f00399577ab3b3629ec90249

guest-pail,79453d3,branch_commit,2023-12-12T22:22:09,,1.0422733,0.0077454,1.560763,1.509994,start 2018-02-08 00:59:00,end 2019-06-01 23:59:00,0.9331234,0.0088231,1.5827263,1.337418,start 2018-01-14 07:59:00,end 2019-06-30 06:59:00,1,60,sharpe,./master/data-wip,master/data-raw/data_test_20180101_20190630.csv,master//rcode//logic/strategy_param.yaml,master//rcode//logic/WfHelper.yaml,5,2,37,30,35f18178ce195ef8f609cb4f47726b62,63da8fa68e81f8afef622a05846e7f08,3d5700dc71790987c3f80aa93cb67a16,3310723b4e1845e104cde447a91a8ab1,32c540309dc8d25a7a0bad6e9fa48dad,8ebe6e57e3670d0726b2a1fc09db0026,51867924ae42853788e82e6ac999f455,bc173e6bd95fdf4babb6b6ddd84ac392,5a51962caefc9502da50043618c24a99,7234b769b0406eba54b493d221b76a1d,c50086c14e6cf330f06128d537e7aa36,dee9fb2aace0c71b6795403763cf6ceb,9324afadb93349dca55c9dc1fe2ed80f,553b26c7b7bb776d90941fdf714fdc46,fd7bb4e82f332ef272f63ffdf495ace7,549f5922b9ff99ab7c4a8e4ded46fef7,803dea85bc63eed422a48d86e3d27575,b8af715d2f84a4c64c13d9beecd36750,74913fb30fe667030d2f26c329ef48ec,7193868d42cf8a3484c71708be3f97c9,c8d1c328f00399577ab3b3629ec90249

adunc-boot,40664d5,branch_commit,2023-12-12T22:21:19,,0.879969,0.0077456,1.065845,1.2704001,start 2018-02-08 00:59:00,end 2019-06-01 23:59:00,0.7780321,0.0088233,1.05416,1.1100185,start 2018-01-14 07:59:00,end 2019-06-30 06:59:00,1,60,sharpe,./master/data-wip,master/data-raw/data_test_20180101_20190630.csv,master//rcode//logic/strategy_param.yaml,master//rcode//logic/WfHelper.yaml,5,1,37,30,35f18178ce195ef8f609cb4f47726b62,63da8fa68e81f8afef622a05846e7f08,3d5700dc71790987c3f80aa93cb67a16,3310723b4e1845e104cde447a91a8ab1,32c540309dc8d25a7a0bad6e9fa48dad,8ebe6e57e3670d0726b2a1fc09db0026,05289131672871283bf495c0f14a14d1,313f2f1a05d1011e55eff2f4f35ec16f,1a2f80ff739de1936c1b680a99982896,7234b769b0406eba54b493d221b76a1d,c50086c14e6cf330f06128d537e7aa36,dee9fb2aace0c71b6795403763cf6ceb,9324afadb93349dca55c9dc1fe2ed80f,553b26c7b7bb776d90941fdf714fdc46,fd7bb4e82f332ef272f63ffdf495ace7,549f5922b9ff99ab7c4a8e4ded46fef7,803dea85bc63eed422a48d86e3d27575,b8af715d2f84a4c64c13d9beecd36750,74913fb30fe667030d2f26c329ef48ec,7193868d42cf8a3484c71708be3f97c9,c8d1c328f00399577ab3b3629ec90249

undug-gimp,3da0e73,branch_commit,2023-12-12T22:20:10,,1.215887,0.0077472,2.7749773,1.7456988,start 2018-02-08 00:59:00,end 2019-06-01 23:59:00,1.4436599,0.0088028,4.9369059,2.0693049,start 2018-01-12 07:59:00,end 2019-06-28 06:59:00,1,60,sharpe,./master/data-wip,master/data-raw/data_test_20180101_20190630.csv,master//rcode//logic/strategy_param.yaml,master//rcode//logic/WfHelper.yaml,3,28,37,30,35f18178ce195ef8f609cb4f47726b62,63da8fa68e81f8afef622a05846e7f08,3d5700dc71790987c3f80aa93cb67a16,3310723b4e1845e104cde447a91a8ab1,32c540309dc8d25a7a0bad6e9fa48dad,8ebe6e57e3670d0726b2a1fc09db0026,488f92fbdb1811f879f50f8f4352eb1e,491241781ca175239bd20cf41258ca55,79e0cc7946c0b631efc1d7af0a155f0e,7234b769b0406eba54b493d221b76a1d,c50086c14e6cf330f06128d537e7aa36,dee9fb2aace0c71b6795403763cf6ceb,9324afadb93349dca55c9dc1fe2ed80f,553b26c7b7bb776d90941fdf714fdc46,fd7bb4e82f332ef272f63ffdf495ace7,549f5922b9ff99ab7c4a8e4ded46fef7,803dea85bc63eed422a48d86e3d27575,b8af715d2f84a4c64c13d9beecd36750,74913fb30fe667030d2f26c329ef48ec,7193868d42cf8a3484c71708be3f97c9,c8d1c328f00399577ab3b3629ec90249

worst-cyma,22e51c5,branch_commit,2023-12-12T22:19:33,,0.9708265,0.0077488,2.0986818,1.3888283,start 2018-02-08 00:59:00,end 2019-06-01 23:59:00,1.1520411,0.0086776,3.627349,1.6482049,start 2018-01-12 07:59:00,end 2019-06-21 06:59:00,1,60,sharpe,./master/data-wip,master/data-raw/data_test_20180101_20190630.csv,master//rcode//logic/strategy_param.yaml,master//rcode//logic/WfHelper.yaml,3,21,37,30,35f18178ce195ef8f609cb4f47726b62,63da8fa68e81f8afef622a05846e7f08,3d5700dc71790987c3f80aa93cb67a16,3310723b4e1845e104cde447a91a8ab1,32c540309dc8d25a7a0bad6e9fa48dad,8ebe6e57e3670d0726b2a1fc09db0026,e105e0a305cd9d154fff0ed82548ef14,e7fe3facbf1af7de4220726710410204,480dbd7c90cec251f57e92a44d16546d,7234b769b0406eba54b493d221b76a1d,c50086c14e6cf330f06128d537e7aa36,dee9fb2aace0c71b6795403763cf6ceb,9324afadb93349dca55c9dc1fe2ed80f,553b26c7b7bb776d90941fdf714fdc46,fd7bb4e82f332ef272f63ffdf495ace7,549f5922b9ff99ab7c4a8e4ded46fef7,803dea85bc63eed422a48d86e3d27575,b8af715d2f84a4c64c13d9beecd36750,74913fb30fe667030d2f26c329ef48ec,7193868d42cf8a3484c71708be3f97c9,c8d1c328f00399577ab3b3629ec90249

noted-suds,042b070,branch_commit,2023-12-12T22:18:55,,1.0704349,0.0077465,1.9390665,1.5424203,start 2018-02-08 00:59:00,end 2019-06-01 23:59:00,1.2770632,0.0088017,3.4828502,1.8346926,start 2018-01-12 07:59:00,end 2019-06-28 06:59:00,1,60,sharpe,./master/data-wip,master/data-raw/data_test_20180101_20190630.csv,master//rcode//logic/strategy_param.yaml,master//rcode//logic/WfHelper.yaml,3,14,37,30,35f18178ce195ef8f609cb4f47726b62,63da8fa68e81f8afef622a05846e7f08,3d5700dc71790987c3f80aa93cb67a16,3310723b4e1845e104cde447a91a8ab1,32c540309dc8d25a7a0bad6e9fa48dad,8ebe6e57e3670d0726b2a1fc09db0026,1e0f6b383755ed9a151fa86442ed3d08,c48e3d8e0fd1113739d377b93bb91bf5,ad1aa2ca426cd51562a036fd5af77b0c,7234b769b0406eba54b493d221b76a1d,c50086c14e6cf330f06128d537e7aa36,dee9fb2aace0c71b6795403763cf6ceb,9324afadb93349dca55c9dc1fe2ed80f,553b26c7b7bb776d90941fdf714fdc46,fd7bb4e82f332ef272f63ffdf495ace7,549f5922b9ff99ab7c4a8e4ded46fef7,803dea85bc63eed422a48d86e3d27575,b8af715d2f84a4c64c13d9beecd36750,74913fb30fe667030d2f26c329ef48ec,7193868d42cf8a3484c71708be3f97c9,c8d1c328f00399577ab3b3629ec90249

bland-slob,fce32ec,branch_commit,2023-12-12T22:18:19,,0.789908,0.0077498,0.8607145,1.1187951,start 2018-02-08 00:59:00,end 2019-06-01 23:59:00,1.2608892,0.0086877,2.7202922,1.7958147,start 2018-01-12 07:59:00,end 2019-06-26 06:59:00,1,60,sharpe,./master/data-wip,master/data-raw/data_test_20180101_20190630.csv,master//rcode//logic/strategy_param.yaml,master//rcode//logic/WfHelper.yaml,3,10,37,30,35f18178ce195ef8f609cb4f47726b62,63da8fa68e81f8afef622a05846e7f08,3d5700dc71790987c3f80aa93cb67a16,3310723b4e1845e104cde447a91a8ab1,32c540309dc8d25a7a0bad6e9fa48dad,8ebe6e57e3670d0726b2a1fc09db0026,4df363ede17679db7f084cb71e20636c,d581896b0ff108e7c71ca094845d84d8,1f94de4d3958350c9a8890957dc14cdc,7234b769b0406eba54b493d221b76a1d,c50086c14e6cf330f06128d537e7aa36,dee9fb2aace0c71b6795403763cf6ceb,9324afadb93349dca55c9dc1fe2ed80f,553b26c7b7bb776d90941fdf714fdc46,fd7bb4e82f332ef272f63ffdf495ace7,549f5922b9ff99ab7c4a8e4ded46fef7,803dea85bc63eed422a48d86e3d27575,b8af715d2f84a4c64c13d9beecd36750,74913fb30fe667030d2f26c329ef48ec,7193868d42cf8a3484c71708be3f97c9,c8d1c328f00399577ab3b3629ec90249

fleet-tans,adb4d56,branch_commit,2023-12-12T22:17:41,,1.0119316,0.0077469,2.2115187,1.4574697,start 2018-02-08 00:59:00,end 2019-06-01 23:59:00,1.1435269,0.0088024,3.5639145,1.6364858,start 2018-01-12 07:59:00,end 2019-06-28 06:59:00,1,60,sharpe,./master/data-wip,master/data-raw/data_test_20180101_20190630.csv,master//rcode//logic/strategy_param.yaml,master//rcode//logic/WfHelper.yaml,3,7,37,30,35f18178ce195ef8f609cb4f47726b62,63da8fa68e81f8afef622a05846e7f08,3d5700dc71790987c3f80aa93cb67a16,3310723b4e1845e104cde447a91a8ab1,32c540309dc8d25a7a0bad6e9fa48dad,8ebe6e57e3670d0726b2a1fc09db0026,a411ae451962362fad746da599379faa,8147bc6a5cc5d868f3d05194db40a930,d0987a63ef8e5b09559f30ada8d64403,7234b769b0406eba54b493d221b76a1d,c50086c14e6cf330f06128d537e7aa36,dee9fb2aace0c71b6795403763cf6ceb,9324afadb93349dca55c9dc1fe2ed80f,553b26c7b7bb776d90941fdf714fdc46,fd7bb4e82f332ef272f63ffdf495ace7,549f5922b9ff99ab7c4a8e4ded46fef7,803dea85bc63eed422a48d86e3d27575,b8af715d2f84a4c64c13d9beecd36750,74913fb30fe667030d2f26c329ef48ec,7193868d42cf8a3484c71708be3f97c9,c8d1c328f00399577ab3b3629ec90249

sandy-wino,e6736cc,branch_commit,2023-12-12T22:16:59,,0.4983151,0.0077496,0.301273,0.7054454,start 2018-02-08 00:59:00,end 2019-06-01 23:59:00,0.5082649,0.0086876,0.388769,0.7167521,start 2018-01-12 07:59:00,end 2019-06-26 06:59:00,1,60,sharpe,./master/data-wip,master/data-raw/data_test_20180101_20190630.csv,master//rcode//logic/strategy_param.yaml,master//rcode//logic/WfHelper.yaml,3,5,37,30,35f18178ce195ef8f609cb4f47726b62,63da8fa68e81f8afef622a05846e7f08,3d5700dc71790987c3f80aa93cb67a16,3310723b4e1845e104cde447a91a8ab1,32c540309dc8d25a7a0bad6e9fa48dad,8ebe6e57e3670d0726b2a1fc09db0026,d115024a1a2af6b98f36408a430d1142,288dafa16d4479e86c20f63ce1420bc1,e8190f5d3a2542747740e402fabf3706,7234b769b0406eba54b493d221b76a1d,c50086c14e6cf330f06128d537e7aa36,dee9fb2aace0c71b6795403763cf6ceb,9324afadb93349dca55c9dc1fe2ed80f,553b26c7b7bb776d90941fdf714fdc46,fd7bb4e82f332ef272f63ffdf495ace7,549f5922b9ff99ab7c4a8e4ded46fef7,803dea85bc63eed422a48d86e3d27575,b8af715d2f84a4c64c13d9beecd36750,74913fb30fe667030d2f26c329ef48ec,7193868d42cf8a3484c71708be3f97c9,c8d1c328f00399577ab3b3629ec90249

treed-jigs,6a7e52b,branch_commit,2023-12-12T22:16:20,,0.5713834,0.0077471,0.4626417,0.8138024,start 2018-02-08 00:59:00,end 2019-06-01 23:59:00,0.5980994,0.0088304,0.6441393,0.846373,start 2018-01-12 07:59:00,end 2019-06-30 06:59:00,1,60,sharpe,./master/data-wip,master/data-raw/data_test_20180101_20190630.csv,master//rcode//logic/strategy_param.yaml,master//rcode//logic/WfHelper.yaml,3,3,37,30,35f18178ce195ef8f609cb4f47726b62,63da8fa68e81f8afef622a05846e7f08,3d5700dc71790987c3f80aa93cb67a16,3310723b4e1845e104cde447a91a8ab1,32c540309dc8d25a7a0bad6e9fa48dad,8ebe6e57e3670d0726b2a1fc09db0026,514d8bca7b0fd53354a048d89d935b76,1dd7bb35eb545553a6d6e798fad997a8,04e7d8f414f683badb5601b90a5d30c2,7234b769b0406eba54b493d221b76a1d,c50086c14e6cf330f06128d537e7aa36,dee9fb2aace0c71b6795403763cf6ceb,9324afadb93349dca55c9dc1fe2ed80f,553b26c7b7bb776d90941fdf714fdc46,fd7bb4e82f332ef272f63ffdf495ace7,549f5922b9ff99ab7c4a8e4ded46fef7,803dea85bc63eed422a48d86e3d27575,b8af715d2f84a4c64c13d9beecd36750,74913fb30fe667030d2f26c329ef48ec,7193868d42cf8a3484c71708be3f97c9,c8d1c328f00399577ab3b3629ec90249

batty-azan,41cf428,branch_commit,2023-12-12T22:15:35,,0.4983649,0.0077487,0.3822375,0.7065367,start 2018-02-08 00:59:00,end 2019-06-01 23:59:00,0.5319384,0.0088318,0.5533301,0.7509442,start 2018-01-12 07:59:00,end 2019-06-30 06:59:00,1,60,sharpe,./master/data-wip,master/data-raw/data_test_20180101_20190630.csv,master//rcode//logic/strategy_param.yaml,master//rcode//logic/WfHelper.yaml,3,2,37,30,35f18178ce195ef8f609cb4f47726b62,63da8fa68e81f8afef622a05846e7f08,3d5700dc71790987c3f80aa93cb67a16,3310723b4e1845e104cde447a91a8ab1,32c540309dc8d25a7a0bad6e9fa48dad,8ebe6e57e3670d0726b2a1fc09db0026,6bc621cba34366075e6a8a10343b470b,7847964951185c19e45722d94d02b383,ca5c7600c41e2c2b8dad641d24137197,7234b769b0406eba54b493d221b76a1d,c50086c14e6cf330f06128d537e7aa36,dee9fb2aace0c71b6795403763cf6ceb,9324afadb93349dca55c9dc1fe2ed80f,553b26c7b7bb776d90941fdf714fdc46,fd7bb4e82f332ef272f63ffdf495ace7,549f5922b9ff99ab7c4a8e4ded46fef7,803dea85bc63eed422a48d86e3d27575,b8af715d2f84a4c64c13d9beecd36750,74913fb30fe667030d2f26c329ef48ec,7193868d42cf8a3484c71708be3f97c9,c8d1c328f00399577ab3b3629ec90249

dowie-dops,3988005,branch_commit,2023-12-12T22:14:44,,0.6870852,0.0077512,0.6471058,0.9809036,start 2018-02-08 00:59:00,end 2019-06-01 23:59:00,0.7040136,0.0088328,0.863076,0.9986632,start 2018-01-12 07:59:00,end 2019-06-30 06:59:00,1,60,sharpe,./master/data-wip,master/data-raw/data_test_20180101_20190630.csv,master//rcode//logic/strategy_param.yaml,master//rcode//logic/WfHelper.yaml,3,1,37,30,35f18178ce195ef8f609cb4f47726b62,63da8fa68e81f8afef622a05846e7f08,3d5700dc71790987c3f80aa93cb67a16,3310723b4e1845e104cde447a91a8ab1,32c540309dc8d25a7a0bad6e9fa48dad,8ebe6e57e3670d0726b2a1fc09db0026,db6091615446bd923e86534044376a8e,185297ec3dbe4c7ebace4dd590377a1f,b0d63533b82c0e60b5358ca1760d1c17,7234b769b0406eba54b493d221b76a1d,c50086c14e6cf330f06128d537e7aa36,dee9fb2aace0c71b6795403763cf6ceb,9324afadb93349dca55c9dc1fe2ed80f,553b26c7b7bb776d90941fdf714fdc46,fd7bb4e82f332ef272f63ffdf495ace7,549f5922b9ff99ab7c4a8e4ded46fef7,803dea85bc63eed422a48d86e3d27575,b8af715d2f84a4c64c13d9beecd36750,74913fb30fe667030d2f26c329ef48ec,7193868d42cf8a3484c71708be3f97c9,c8d1c328f00399577ab3b3629ec90249

wired-eyry,42f5621,branch_commit,2023-12-12T22:13:31,,1.1624927,0.0077478,2.5631662,1.6679539,start 2018-02-08 00:59:00,end 2019-06-01 23:59:00,1.4069037,0.008771,4.720295,2.0145861,start 2018-01-11 07:59:00,end 2019-06-27 06:59:00,1,60,sharpe,./master/data-wip,master/data-raw/data_test_20180101_20190630.csv,master//rcode//logic/strategy_param.yaml,master//rcode//logic/WfHelper.yaml,2,28,37,30,35f18178ce195ef8f609cb4f47726b62,63da8fa68e81f8afef622a05846e7f08,3d5700dc71790987c3f80aa93cb67a16,3310723b4e1845e104cde447a91a8ab1,32c540309dc8d25a7a0bad6e9fa48dad,8ebe6e57e3670d0726b2a1fc09db0026,41200ed4bb477bfa7a2b1399abc19d2e,f1db382d409aa8af42aa5de8552f11ef,2ebb1ebfc720627476b139d4d3d2434d,7234b769b0406eba54b493d221b76a1d,c50086c14e6cf330f06128d537e7aa36,dee9fb2aace0c71b6795403763cf6ceb,9324afadb93349dca55c9dc1fe2ed80f,553b26c7b7bb776d90941fdf714fdc46,fd7bb4e82f332ef272f63ffdf495ace7,549f5922b9ff99ab7c4a8e4ded46fef7,803dea85bc63eed422a48d86e3d27575,b8af715d2f84a4c64c13d9beecd36750,74913fb30fe667030d2f26c329ef48ec,7193868d42cf8a3484c71708be3f97c9,c8d1c328f00399577ab3b3629ec90249

refer-snub,4864bbf,branch_commit,2023-12-12T22:12:55,,0.764887,0.0077493,1.2305834,1.0915161,start 2018-02-08 00:59:00,end 2019-06-01 23:59:00,0.954281,0.0087019,2.3574513,1.3626334,start 2018-01-11 07:59:00,end 2019-06-20 06:59:00,1,60,sharpe,./master/data-wip,master/data-raw/data_test_20180101_20190630.csv,master//rcode//logic/strategy_param.yaml,master//rcode//logic/WfHelper.yaml,2,21,37,30,35f18178ce195ef8f609cb4f47726b62,63da8fa68e81f8afef622a05846e7f08,3d5700dc71790987c3f80aa93cb67a16,3310723b4e1845e104cde447a91a8ab1,32c540309dc8d25a7a0bad6e9fa48dad,8ebe6e57e3670d0726b2a1fc09db0026,06960fdc8ac5e503ef2b73f4841ecc39,b9bcfb627bdd8cf0c4187ab4b35d2bca,dbb5149c8ef2ddd3c4eef3ee03f191cf,7234b769b0406eba54b493d221b76a1d,c50086c14e6cf330f06128d537e7aa36,dee9fb2aace0c71b6795403763cf6ceb,9324afadb93349dca55c9dc1fe2ed80f,553b26c7b7bb776d90941fdf714fdc46,fd7bb4e82f332ef272f63ffdf495ace7,549f5922b9ff99ab7c4a8e4ded46fef7,803dea85bc63eed422a48d86e3d27575,b8af715d2f84a4c64c13d9beecd36750,74913fb30fe667030d2f26c329ef48ec,7193868d42cf8a3484c71708be3f97c9,c8d1c328f00399577ab3b3629ec90249

newsy-afro,700c2f6,branch_commit,2023-12-12T22:12:20,,0.9483316,0.0077488,1.4058869,1.3653621,start 2018-02-08 00:59:00,end 2019-06-01 23:59:00,1.2240488,0.008772,2.9449026,1.7569344,start 2018-01-11 07:59:00,end 2019-06-27 06:59:00,1,60,sharpe,./master/data-wip,master/data-raw/data_test_20180101_20190630.csv,master//rcode//logic/strategy_param.yaml,master//rcode//logic/WfHelper.yaml,2,14,37,30,35f18178ce195ef8f609cb4f47726b62,63da8fa68e81f8afef622a05846e7f08,3d5700dc71790987c3f80aa93cb67a16,3310723b4e1845e104cde447a91a8ab1,32c540309dc8d25a7a0bad6e9fa48dad,8ebe6e57e3670d0726b2a1fc09db0026,9b630af286124c49d059d35c4ba22628,fbaf0df16063e93b0b9f2b948e1db736,ce989628de7f9e129df4965de50135c4,7234b769b0406eba54b493d221b76a1d,c50086c14e6cf330f06128d537e7aa36,dee9fb2aace0c71b6795403763cf6ceb,9324afadb93349dca55c9dc1fe2ed80f,553b26c7b7bb776d90941fdf714fdc46,fd7bb4e82f332ef272f63ffdf495ace7,549f5922b9ff99ab7c4a8e4ded46fef7,803dea85bc63eed422a48d86e3d27575,b8af715d2f84a4c64c13d9beecd36750,74913fb30fe667030d2f26c329ef48ec,7193868d42cf8a3484c71708be3f97c9,c8d1c328f00399577ab3b3629ec90249

jowly-wain,8ffe9f6,branch_commit,2023-12-12T22:11:42,,0.9004262,0.007749,1.1427384,1.2797068,start 2018-02-08 00:59:00,end 2019-06-01 23:59:00,1.225655,0.0087017,2.6307974,1.7476697,start 2018-01-11 07:59:00,end 2019-06-25 06:59:00,1,60,sharpe,./master/data-wip,master/data-raw/data_test_20180101_20190630.csv,master//rcode//logic/strategy_param.yaml,master//rcode//logic/WfHelper.yaml,2,10,37,30,35f18178ce195ef8f609cb4f47726b62,63da8fa68e81f8afef622a05846e7f08,3d5700dc71790987c3f80aa93cb67a16,3310723b4e1845e104cde447a91a8ab1,32c540309dc8d25a7a0bad6e9fa48dad,8ebe6e57e3670d0726b2a1fc09db0026,733390b9aff116fbce0822e6457aff68,c9b226c4099f93a86f2965a5c6351cdb,f6273a6efa98a4bad87bb2121f27aeba,7234b769b0406eba54b493d221b76a1d,c50086c14e6cf330f06128d537e7aa36,dee9fb2aace0c71b6795403763cf6ceb,9324afadb93349dca55c9dc1fe2ed80f,553b26c7b7bb776d90941fdf714fdc46,fd7bb4e82f332ef272f63ffdf495ace7,549f5922b9ff99ab7c4a8e4ded46fef7,803dea85bc63eed422a48d86e3d27575,b8af715d2f84a4c64c13d9beecd36750,74913fb30fe667030d2f26c329ef48ec,7193868d42cf8a3484c71708be3f97c9,c8d1c328f00399577ab3b3629ec90249

dirty-help,9026c11,branch_commit,2023-12-12T22:11:03,,0.6982532,0.0077467,0.9699963,0.9989349,start 2018-02-08 00:59:00,end 2019-06-01 23:59:00,0.9145789,0.0087718,2.0781744,1.3057487,start 2018-01-11 07:59:00,end 2019-06-27 06:59:00,1,60,sharpe,./master/data-wip,master/data-raw/data_test_20180101_20190630.csv,master//rcode//logic/strategy_param.yaml,master//rcode//logic/WfHelper.yaml,2,7,37,30,35f18178ce195ef8f609cb4f47726b62,63da8fa68e81f8afef622a05846e7f08,3d5700dc71790987c3f80aa93cb67a16,3310723b4e1845e104cde447a91a8ab1,32c540309dc8d25a7a0bad6e9fa48dad,8ebe6e57e3670d0726b2a1fc09db0026,f72861701ce2abd27af3986e721cb393,1ae98514734294c222680802985cf7ad,7abc9207cc8bd5dddf3d2533b4172952,7234b769b0406eba54b493d221b76a1d,c50086c14e6cf330f06128d537e7aa36,dee9fb2aace0c71b6795403763cf6ceb,9324afadb93349dca55c9dc1fe2ed80f,553b26c7b7bb776d90941fdf714fdc46,fd7bb4e82f332ef272f63ffdf495ace7,549f5922b9ff99ab7c4a8e4ded46fef7,803dea85bc63eed422a48d86e3d27575,b8af715d2f84a4c64c13d9beecd36750,74913fb30fe667030d2f26c329ef48ec,7193868d42cf8a3484c71708be3f97c9,c8d1c328f00399577ab3b3629ec90249

dried-zoon,966518c,branch_commit,2023-12-12T22:10:22,,0.8957757,0.0077487,1.1144849,1.2783069,start 2018-02-08 00:59:00,end 2019-06-01 23:59:00,0.8119107,0.0088494,1.167875,1.1522845,start 2018-01-11 07:59:00,end 2019-06-30 06:59:00,1,60,sharpe,./master/data-wip,master/data-raw/data_test_20180101_20190630.csv,master//rcode//logic/strategy_param.yaml,master//rcode//logic/WfHelper.yaml,2,5,37,30,35f18178ce195ef8f609cb4f47726b62,63da8fa68e81f8afef622a05846e7f08,3d5700dc71790987c3f80aa93cb67a16,3310723b4e1845e104cde447a91a8ab1,32c540309dc8d25a7a0bad6e9fa48dad,8ebe6e57e3670d0726b2a1fc09db0026,fdd7fa984dbfce0114ae04d2b614f225,c132b55161f3c12b14d5d09c754214ae,5104c4b8824767234650fe20b922570b,7234b769b0406eba54b493d221b76a1d,c50086c14e6cf330f06128d537e7aa36,dee9fb2aace0c71b6795403763cf6ceb,9324afadb93349dca55c9dc1fe2ed80f,553b26c7b7bb776d90941fdf714fdc46,fd7bb4e82f332ef272f63ffdf495ace7,549f5922b9ff99ab7c4a8e4ded46fef7,803dea85bc63eed422a48d86e3d27575,b8af715d2f84a4c64c13d9beecd36750,74913fb30fe667030d2f26c329ef48ec,7193868d42cf8a3484c71708be3f97c9,c8d1c328f00399577ab3b3629ec90249

brood-wire,a8b9fb3,branch_commit,2023-12-12T22:09:40,,0.6434284,0.0077501,0.6950739,0.919614,start 2018-02-08 00:59:00,end 2019-06-01 23:59:00,0.7277485,0.0088458,1.0732713,1.0340927,start 2018-01-11 07:59:00,end 2019-06-29 06:59:00,1,60,sharpe,./master/data-wip,master/data-raw/data_test_20180101_20190630.csv,master//rcode//logic/strategy_param.yaml,master//rcode//logic/WfHelper.yaml,2,3,37,30,35f18178ce195ef8f609cb4f47726b62,63da8fa68e81f8afef622a05846e7f08,3d5700dc71790987c3f80aa93cb67a16,3310723b4e1845e104cde447a91a8ab1,32c540309dc8d25a7a0bad6e9fa48dad,8ebe6e57e3670d0726b2a1fc09db0026,378b492a61a150b52a3864ec81305c94,cdb3d050d6d868c2a5feb52792eceeae,cafe892c9133c1e2a85dd7777cc2a765,7234b769b0406eba54b493d221b76a1d,c50086c14e6cf330f06128d537e7aa36,dee9fb2aace0c71b6795403763cf6ceb,9324afadb93349dca55c9dc1fe2ed80f,553b26c7b7bb776d90941fdf714fdc46,fd7bb4e82f332ef272f63ffdf495ace7,549f5922b9ff99ab7c4a8e4ded46fef7,803dea85bc63eed422a48d86e3d27575,b8af715d2f84a4c64c13d9beecd36750,74913fb30fe667030d2f26c329ef48ec,7193868d42cf8a3484c71708be3f97c9,c8d1c328f00399577ab3b3629ec90249

hempy-torc,5295716,branch_commit,2023-12-12T22:08:54,,0.6343044,0.0077498,0.5455837,0.90446,start 2018-02-08 00:59:00,end 2019-06-01 23:59:00,0.7873132,0.0088461,1.0696251,1.1184134,start 2018-01-11 07:59:00,end 2019-06-29 06:59:00,1,60,sharpe,./master/data-wip,master/data-raw/data_test_20180101_20190630.csv,master//rcode//logic/strategy_param.yaml,master//rcode//logic/WfHelper.yaml,2,2,37,30,35f18178ce195ef8f609cb4f47726b62,63da8fa68e81f8afef622a05846e7f08,3d5700dc71790987c3f80aa93cb67a16,3310723b4e1845e104cde447a91a8ab1,32c540309dc8d25a7a0bad6e9fa48dad,8ebe6e57e3670d0726b2a1fc09db0026,143cda4f130ff1109b9b414ccf08f9a2,754fc454c9b98155920832b34dbd46c7,651fdd8a94587f936a1d3d97d5d7b37d,7234b769b0406eba54b493d221b76a1d,c50086c14e6cf330f06128d537e7aa36,dee9fb2aace0c71b6795403763cf6ceb,9324afadb93349dca55c9dc1fe2ed80f,553b26c7b7bb776d90941fdf714fdc46,fd7bb4e82f332ef272f63ffdf495ace7,549f5922b9ff99ab7c4a8e4ded46fef7,803dea85bc63eed422a48d86e3d27575,b8af715d2f84a4c64c13d9beecd36750,74913fb30fe667030d2f26c329ef48ec,7193868d42cf8a3484c71708be3f97c9,c8d1c328f00399577ab3b3629ec90249

drear-sook,5109384,branch_commit,2023-12-12T22:08:02,,0.5405024,0.0077519,0.4109014,0.7700589,start 2018-02-08 00:59:00,end 2019-06-01 23:59:00,0.9458091,0.0088503,1.6044123,1.3468606,start 2018-01-11 07:59:00,end 2019-06-30 06:59:00,1,60,sharpe,./master/data-wip,master/data-raw/data_test_20180101_20190630.csv,master//rcode//logic/strategy_param.yaml,master//rcode//logic/WfHelper.yaml,2,1,37,30,35f18178ce195ef8f609cb4f47726b62,63da8fa68e81f8afef622a05846e7f08,3d5700dc71790987c3f80aa93cb67a16,3310723b4e1845e104cde447a91a8ab1,32c540309dc8d25a7a0bad6e9fa48dad,8ebe6e57e3670d0726b2a1fc09db0026,af27eb62cc74904aa6a0456fa268ebb8,0edff0eef47e00ab43aae9d0399af0f3,da21d97722f8b88c4f4e211a896473dd,7234b769b0406eba54b493d221b76a1d,c50086c14e6cf330f06128d537e7aa36,dee9fb2aace0c71b6795403763cf6ceb,9324afadb93349dca55c9dc1fe2ed80f,553b26c7b7bb776d90941fdf714fdc46,fd7bb4e82f332ef272f63ffdf495ace7,549f5922b9ff99ab7c4a8e4ded46fef7,803dea85bc63eed422a48d86e3d27575,b8af715d2f84a4c64c13d9beecd36750,74913fb30fe667030d2f26c329ef48ec,7193868d42cf8a3484c71708be3f97c9,c8d1c328f00399577ab3b3629ec90249

axile-trio,7c49f52,branch_commit,2023-12-12T22:06:55,,1.2837304,0.0077455,3.1956,1.8826064,start 2018-02-08 00:59:00,end 2019-06-01 23:59:00,1.2868761,0.0087494,2.9076515,1.86708,start 2018-01-10 07:59:00,end 2019-06-26 06:59:00,1,60,sharpe,./master/data-wip,master/data-raw/data_test_20180101_20190630.csv,master//rcode//logic/strategy_param.yaml,master//rcode//logic/WfHelper.yaml,1,28,37,30,35f18178ce195ef8f609cb4f47726b62,63da8fa68e81f8afef622a05846e7f08,3d5700dc71790987c3f80aa93cb67a16,3310723b4e1845e104cde447a91a8ab1,32c540309dc8d25a7a0bad6e9fa48dad,8ebe6e57e3670d0726b2a1fc09db0026,ca7140c5f142e6d70c7dc5a07117b220,3d42ce4737dc8026fe57387851daecea,c96126a61a711683bededa94b67f956e,7234b769b0406eba54b493d221b76a1d,c50086c14e6cf330f06128d537e7aa36,dee9fb2aace0c71b6795403763cf6ceb,9324afadb93349dca55c9dc1fe2ed80f,553b26c7b7bb776d90941fdf714fdc46,fd7bb4e82f332ef272f63ffdf495ace7,549f5922b9ff99ab7c4a8e4ded46fef7,803dea85bc63eed422a48d86e3d27575,b8af715d2f84a4c64c13d9beecd36750,74913fb30fe667030d2f26c329ef48ec,7193868d42cf8a3484c71708be3f97c9,c8d1c328f00399577ab3b3629ec90249

honey-rues,b924576,branch_commit,2023-12-12T22:06:18,,1.1737006,0.0077489,2.5390917,1.7130283,start 2018-02-08 00:59:00,end 2019-06-01 23:59:00,0.944403,0.008756,1.5465297,1.3624567,start 2018-01-10 07:59:00,end 2019-06-19 06:59:00,1,60,sharpe,./master/data-wip,master/data-raw/data_test_20180101_20190630.csv,master//rcode//logic/strategy_param.yaml,master//rcode//logic/WfHelper.yaml,1,21,37,30,35f18178ce195ef8f609cb4f47726b62,63da8fa68e81f8afef622a05846e7f08,3d5700dc71790987c3f80aa93cb67a16,3310723b4e1845e104cde447a91a8ab1,32c540309dc8d25a7a0bad6e9fa48dad,8ebe6e57e3670d0726b2a1fc09db0026,5f46f037e4a67fbee0af70d79e9c5fa3,4df636a65be70ed58df0c0005b3a1494,1d7534f2abb53bd290dddb55d8f96735,7234b769b0406eba54b493d221b76a1d,c50086c14e6cf330f06128d537e7aa36,dee9fb2aace0c71b6795403763cf6ceb,9324afadb93349dca55c9dc1fe2ed80f,553b26c7b7bb776d90941fdf714fdc46,fd7bb4e82f332ef272f63ffdf495ace7,549f5922b9ff99ab7c4a8e4ded46fef7,803dea85bc63eed422a48d86e3d27575,b8af715d2f84a4c64c13d9beecd36750,74913fb30fe667030d2f26c329ef48ec,7193868d42cf8a3484c71708be3f97c9,c8d1c328f00399577ab3b3629ec90249

woozy-coze,3a46ec7,branch_commit,2023-12-12T22:05:41,,1.4010122,0.0077469,3.0609859,2.0690897,start 2018-02-08 00:59:00,end 2019-06-01 23:59:00,1.2944837,0.0087514,3.0767654,1.8864781,start 2018-01-10 07:59:00,end 2019-06-26 06:59:00,1,60,sharpe,./master/data-wip,master/data-raw/data_test_20180101_20190630.csv,master//rcode//logic/strategy_param.yaml,master//rcode//logic/WfHelper.yaml,1,14,37,30,35f18178ce195ef8f609cb4f47726b62,63da8fa68e81f8afef622a05846e7f08,3d5700dc71790987c3f80aa93cb67a16,3310723b4e1845e104cde447a91a8ab1,32c540309dc8d25a7a0bad6e9fa48dad,8ebe6e57e3670d0726b2a1fc09db0026,7c8cb701042330ed265f05c93c62b78b,4e7c4684b0f74f1a528a7ef108b69668,cf9f0e289f782689b076b1cde8cfd250,7234b769b0406eba54b493d221b76a1d,c50086c14e6cf330f06128d537e7aa36,dee9fb2aace0c71b6795403763cf6ceb,9324afadb93349dca55c9dc1fe2ed80f,553b26c7b7bb776d90941fdf714fdc46,fd7bb4e82f332ef272f63ffdf495ace7,549f5922b9ff99ab7c4a8e4ded46fef7,803dea85bc63eed422a48d86e3d27575,b8af715d2f84a4c64c13d9beecd36750,74913fb30fe667030d2f26c329ef48ec,7193868d42cf8a3484c71708be3f97c9,c8d1c328f00399577ab3b3629ec90249

forky-loup,59a524b,branch_commit,2023-12-12T22:05:05,,1.2621249,0.0077447,2.2953844,1.8451365,start 2018-02-08 00:59:00,end 2019-06-01 23:59:00,1.2591557,0.0087516,2.8564902,1.8257831,start 2018-01-10 07:59:00,end 2019-06-24 06:59:00,1,60,sharpe,./master/data-wip,master/data-raw/data_test_20180101_20190630.csv,master//rcode//logic/strategy_param.yaml,master//rcode//logic/WfHelper.yaml,1,10,37,30,35f18178ce195ef8f609cb4f47726b62,63da8fa68e81f8afef622a05846e7f08,3d5700dc71790987c3f80aa93cb67a16,3310723b4e1845e104cde447a91a8ab1,32c540309dc8d25a7a0bad6e9fa48dad,8ebe6e57e3670d0726b2a1fc09db0026,c4a77986cef6b332dddb0b8341680146,4f38cb3dbff340c41b2ff5f2c5d55727,d558f243659454885088bbd84e4635b0,7234b769b0406eba54b493d221b76a1d,c50086c14e6cf330f06128d537e7aa36,dee9fb2aace0c71b6795403763cf6ceb,9324afadb93349dca55c9dc1fe2ed80f,553b26c7b7bb776d90941fdf714fdc46,fd7bb4e82f332ef272f63ffdf495ace7,549f5922b9ff99ab7c4a8e4ded46fef7,803dea85bc63eed422a48d86e3d27575,b8af715d2f84a4c64c13d9beecd36750,74913fb30fe667030d2f26c329ef48ec,7193868d42cf8a3484c71708be3f97c9,c8d1c328f00399577ab3b3629ec90249

bifid-oner,8ecb00b,branch_commit,2023-12-12T22:04:25,,1.0290271,0.0077482,1.5608262,1.513773,start 2018-02-08 00:59:00,end 2019-06-01 23:59:00,1.078681,0.0087523,2.1366295,1.5700305,start 2018-01-10 07:59:00,end 2019-06-26 06:59:00,1,60,sharpe,./master/data-wip,master/data-raw/data_test_20180101_20190630.csv,master//rcode//logic/strategy_param.yaml,master//rcode//logic/WfHelper.yaml,1,7,37,30,35f18178ce195ef8f609cb4f47726b62,63da8fa68e81f8afef622a05846e7f08,3d5700dc71790987c3f80aa93cb67a16,3310723b4e1845e104cde447a91a8ab1,32c540309dc8d25a7a0bad6e9fa48dad,8ebe6e57e3670d0726b2a1fc09db0026,c9cf9ff0a3e442424bfcd96a136244bd,dd0ae3afbca144775568d7fae95c00f9,2524866e7cbb7f3dc0023aac18778323,7234b769b0406eba54b493d221b76a1d,c50086c14e6cf330f06128d537e7aa36,dee9fb2aace0c71b6795403763cf6ceb,9324afadb93349dca55c9dc1fe2ed80f,553b26c7b7bb776d90941fdf714fdc46,fd7bb4e82f332ef272f63ffdf495ace7,549f5922b9ff99ab7c4a8e4ded46fef7,803dea85bc63eed422a48d86e3d27575,b8af715d2f84a4c64c13d9beecd36750,74913fb30fe667030d2f26c329ef48ec,7193868d42cf8a3484c71708be3f97c9,c8d1c328f00399577ab3b3629ec90249

crash-soya,4aae79c,branch_commit,2023-12-12T22:03:46,,1.0162517,0.0077468,1.5221926,1.4846669,start 2018-02-08 00:59:00,end 2019-06-01 23:59:00,1.0293365,0.0088884,2.0012696,1.4879216,start 2018-01-10 07:59:00,end 2019-06-29 06:59:00,1,60,sharpe,./master/data-wip,master/data-raw/data_test_20180101_20190630.csv,master//rcode//logic/strategy_param.yaml,master//rcode//logic/WfHelper.yaml,1,5,37,30,35f18178ce195ef8f609cb4f47726b62,63da8fa68e81f8afef622a05846e7f08,3d5700dc71790987c3f80aa93cb67a16,3310723b4e1845e104cde447a91a8ab1,32c540309dc8d25a7a0bad6e9fa48dad,8ebe6e57e3670d0726b2a1fc09db0026,696bbbda12f5b06fb8b8fd7c7ac2e521,603ce0fa793724d64f2c8483fcb376ba,778f8931da83cb4ed711e8515f6739d0,7234b769b0406eba54b493d221b76a1d,c50086c14e6cf330f06128d537e7aa36,dee9fb2aace0c71b6795403763cf6ceb,9324afadb93349dca55c9dc1fe2ed80f,553b26c7b7bb776d90941fdf714fdc46,fd7bb4e82f332ef272f63ffdf495ace7,549f5922b9ff99ab7c4a8e4ded46fef7,803dea85bc63eed422a48d86e3d27575,b8af715d2f84a4c64c13d9beecd36750,74913fb30fe667030d2f26c329ef48ec,7193868d42cf8a3484c71708be3f97c9,c8d1c328f00399577ab3b3629ec90249

amuck-navy,cc6dab0,branch_commit,2023-12-12T22:03:02,,0.6668752,0.0077476,0.6642448,0.9684518,start 2018-02-08 00:59:00,end 2019-06-01 23:59:00,0.7145767,0.008868,0.9731937,1.0307507,start 2018-01-10 07:59:00,end 2019-06-28 06:59:00,1,60,sharpe,./master/data-wip,master/data-raw/data_test_20180101_20190630.csv,master//rcode//logic/strategy_param.yaml,master//rcode//logic/WfHelper.yaml,1,3,37,30,35f18178ce195ef8f609cb4f47726b62,63da8fa68e81f8afef622a05846e7f08,3d5700dc71790987c3f80aa93cb67a16,3310723b4e1845e104cde447a91a8ab1,32c540309dc8d25a7a0bad6e9fa48dad,8ebe6e57e3670d0726b2a1fc09db0026,52155a31200a8d7aaec70c95e4d05bf6,380911b172b0cf761d28ec4e3d787255,a4904a89094c646098ec5cc1a92bdce5,7234b769b0406eba54b493d221b76a1d,c50086c14e6cf330f06128d537e7aa36,dee9fb2aace0c71b6795403763cf6ceb,9324afadb93349dca55c9dc1fe2ed80f,553b26c7b7bb776d90941fdf714fdc46,fd7bb4e82f332ef272f63ffdf495ace7,549f5922b9ff99ab7c4a8e4ded46fef7,803dea85bc63eed422a48d86e3d27575,b8af715d2f84a4c64c13d9beecd36750,74913fb30fe667030d2f26c329ef48ec,7193868d42cf8a3484c71708be3f97c9,c8d1c328f00399577ab3b3629ec90249

deism-pump,bf9c81a,branch_commit,2023-12-12T22:02:12,,0.3352344,0.007752,0.1851799,0.4806779,start 2018-02-08 00:59:00,end 2019-06-01 23:59:00,0.7862879,0.0088984,1.3085397,1.127544,start 2018-01-10 07:59:00,end 2019-06-30 06:59:00,1,60,sharpe,./master/data-wip,master/data-raw/data_test_20180101_20190630.csv,master//rcode//logic/strategy_param.yaml,master//rcode//logic/WfHelper.yaml,1,2,37,30,35f18178ce195ef8f609cb4f47726b62,63da8fa68e81f8afef622a05846e7f08,3d5700dc71790987c3f80aa93cb67a16,3310723b4e1845e104cde447a91a8ab1,32c540309dc8d25a7a0bad6e9fa48dad,8ebe6e57e3670d0726b2a1fc09db0026,c80ffb2860240684feff47dc12238019,5c9b8227094453b9453ed77d3c7832c9,c0919c3654180cc24cc681c2041ccd6e,7234b769b0406eba54b493d221b76a1d,c50086c14e6cf330f06128d537e7aa36,dee9fb2aace0c71b6795403763cf6ceb,9324afadb93349dca55c9dc1fe2ed80f,553b26c7b7bb776d90941fdf714fdc46,fd7bb4e82f332ef272f63ffdf495ace7,549f5922b9ff99ab7c4a8e4ded46fef7,803dea85bc63eed422a48d86e3d27575,b8af715d2f84a4c64c13d9beecd36750,74913fb30fe667030d2f26c329ef48ec,7193868d42cf8a3484c71708be3f97c9,c8d1c328f00399577ab3b3629ec90249

anile-gula,40c8818,branch_base,2023-12-12T22:01:18,,0.3485084,0.007753,0.1732007,0.4997062,start 2018-02-08 00:59:00,end 2019-06-01 23:59:00,0.6715174,0.0088959,0.8256302,0.9609092,start 2018-01-10 07:59:00,end 2019-06-30 06:59:00,1,60,sharpe,./master/data-wip,master/data-raw/data_test_20180101_20190630.csv,master//rcode//logic/strategy_param.yaml,master//rcode//logic/WfHelper.yaml,1,1,37,30,35f18178ce195ef8f609cb4f47726b62,63da8fa68e81f8afef622a05846e7f08,3d5700dc71790987c3f80aa93cb67a16,3310723b4e1845e104cde447a91a8ab1,32c540309dc8d25a7a0bad6e9fa48dad,8ebe6e57e3670d0726b2a1fc09db0026,7fc01d7f42954c349b393b45663d1c5a,42ffa423b086d4b718b9e0f8e5d231b1,6505b73e8a56509de05d27938e64d4aa,7234b769b0406eba54b493d221b76a1d,c50086c14e6cf330f06128d537e7aa36,dee9fb2aace0c71b6795403763cf6ceb,9324afadb93349dca55c9dc1fe2ed80f,553b26c7b7bb776d90941fdf714fdc46,fd7bb4e82f332ef272f63ffdf495ace7,549f5922b9ff99ab7c4a8e4ded46fef7,803dea85bc63eed422a48d86e3d27575,b8af715d2f84a4c64c13d9beecd36750,74913fb30fe667030d2f26c329ef48ec,7193868d42cf8a3484c71708be3f97c9,c8d1c328f00399577ab3b3629ec90249

