Experiment,rev,typ,Created,parent,sharpe_ratio,stdev,ir2,sortino_ratio,start,end,sharpe_ratio_full,stdev_full,ir2_full,sortino_ratio_full,start_full,end_full,general.asset,general.tfmin,general.performance_stat,general.datapath,general.raw_data,strategy.param.path,wf.param.path,wf.train_length,wf.test_length,wf.day_clip_front,wf.day_clip_back,master\data-raw\train_3mln.csv,master\data-wip\01_converted_to_xts.rds,master\data-wip\1\60\02_downsampled.rds,master\data-wip\1\60\03_precalculated.rds,master\data-wip\1\60\04_positions.rds,master\data-wip\1\60\05_pnl.rds,master\data-wip\1\60\06_wf_indexes.rds,master\data-wip\1\60\07_wf_metrics.rds,master\data-wip\1\60\08_wf_best_params.rds,master\rcode\01_convert_to_xts.r,master\rcode\05_calculate_pnl.r,master\rcode\06_wf_calculate_indexes.r,master\rcode\07_wf_calculate_metrics.r,master\rcode\08_wf_select_best_params.r,master\rcode\09_wf_eval_test.r,master\rcode\logic\WfHelper.r,master\rcode\logic\WfHelper.yaml,master\rcode\logic\helpers\data_helper.r,master\rcode\logic\helpers\metrics_helper.r,master\rcode\logic\strategy.r,master\rcode\logic\strategy_param.yaml

,workspace,baseline,,,2.9867013,0.0074507,14.6863106,4.4837471,start 2018-03-23 00:59:00,end 2018-08-04 23:59:00,2.5217483,0.0074285,9.7512132,3.7596143,start 2018-03-22 01:59:00,end 2018-08-29 00:59:00,1,60,sharpe,./master/data-wip,master/data-raw/train_3mln.csv,master//rcode//logic/strategy_param.yaml,master//rcode//logic/WfHelper.yaml,28,10,37,30,8547116b4c2f178405fc33378286059f,1834af68e3acc1db39c01d42e4b23926,2bd86fb5dd551e829c51d84307e18472,5f6963fa0033b4328ffd092283c7969e,7897560da77dea7bd205479e9a96790b,95c3db75ead4c3d046348a18624c39de,b22a7faf9b0bbdadd063fdc9f282b3af,dd89cc65c1405ac642209f167b64fc69,c05960a11452d091834d17fc55d3bf37,7234b769b0406eba54b493d221b76a1d,56717d335e824e62469e26821b438442,dee9fb2aace0c71b6795403763cf6ceb,9324afadb93349dca55c9dc1fe2ed80f,553b26c7b7bb776d90941fdf714fdc46,5d5702a88dc582dbe54c2ebb76c9b218,ded5c5ddc6bc143258b20bfd83c37c4f,803dea85bc63eed422a48d86e3d27575,a71c41977f231563d1490c414c232fd1,74913fb30fe667030d2f26c329ef48ec,a24e36c7c4cc70bc6ef55969d4078a12,c8d1c328f00399577ab3b3629ec90249

,main,baseline,2023-11-06T15:22:55,,1.1245408,0.0082426,1.9504289,1.6305436,1519351100.0,1535849900.0,,,,,,,1,60,sharpe,./master/data-wip,master/data-raw/train_3mln.csv,master//rcode//logic/strategy_param.yaml,master//rcode//logic/WfHelper.yaml,10,1,37,2,8547116b4c2f178405fc33378286059f,1834af68e3acc1db39c01d42e4b23926,2bd86fb5dd551e829c51d84307e18472,5f6963fa0033b4328ffd092283c7969e,7897560da77dea7bd205479e9a96790b,95c3db75ead4c3d046348a18624c39de,ff2982a393fef52bfdab66c34d259163,b6504c0380c8c2772846ec86aa51fb79,e5046bfe89e8568e37170c2f91d6e62a,,56717d335e824e62469e26821b438442,dee9fb2aace0c71b6795403763cf6ceb,9324afadb93349dca55c9dc1fe2ed80f,553b26c7b7bb776d90941fdf714fdc46,f82056d507a7e356ea24f7b208b85d11,ded5c5ddc6bc143258b20bfd83c37c4f,803dea85bc63eed422a48d86e3d27575,a71c41977f231563d1490c414c232fd1,,a24e36c7c4cc70bc6ef55969d4078a12,c8d1c328f00399577ab3b3629ec90249

blond-jots,f18bd9c,branch_commit,2023-11-06T16:06:46,,2.0505016,0.007456,4.2623492,3.034776,start 2018-03-23 00:59:00,end 2018-08-04 23:59:00,2.1601756,0.0074528,4.9036356,3.2059302,start 2018-03-22 01:59:00,end 2018-08-09 00:59:00,1,60,sharpe,./master/data-wip,master/data-raw/train_3mln.csv,master//rcode//logic/strategy_param.yaml,master//rcode//logic/WfHelper.yaml,28,28,37,30,8547116b4c2f178405fc33378286059f,1834af68e3acc1db39c01d42e4b23926,2bd86fb5dd551e829c51d84307e18472,5f6963fa0033b4328ffd092283c7969e,7897560da77dea7bd205479e9a96790b,95c3db75ead4c3d046348a18624c39de,15ac1ef8f08e51ecd8bd5c74aaae7bb1,cad22284808d1a6a43b3de284cdf9a6b,3898a6f2bbc5a498a2c62aa9ce5524ea,7234b769b0406eba54b493d221b76a1d,56717d335e824e62469e26821b438442,dee9fb2aace0c71b6795403763cf6ceb,9324afadb93349dca55c9dc1fe2ed80f,553b26c7b7bb776d90941fdf714fdc46,5d5702a88dc582dbe54c2ebb76c9b218,ded5c5ddc6bc143258b20bfd83c37c4f,803dea85bc63eed422a48d86e3d27575,a71c41977f231563d1490c414c232fd1,74913fb30fe667030d2f26c329ef48ec,a24e36c7c4cc70bc6ef55969d4078a12,c8d1c328f00399577ab3b3629ec90249

fiery-yoke,a433dfc,branch_commit,2023-11-06T16:06:26,,1.9359174,0.0074554,4.4951156,2.8691402,start 2018-03-23 00:59:00,end 2018-08-04 23:59:00,1.7595824,0.0075406,4.0898499,2.5958351,start 2018-03-22 01:59:00,end 2018-08-16 00:59:00,1,60,sharpe,./master/data-wip,master/data-raw/train_3mln.csv,master//rcode//logic/strategy_param.yaml,master//rcode//logic/WfHelper.yaml,28,21,37,30,8547116b4c2f178405fc33378286059f,1834af68e3acc1db39c01d42e4b23926,2bd86fb5dd551e829c51d84307e18472,5f6963fa0033b4328ffd092283c7969e,7897560da77dea7bd205479e9a96790b,95c3db75ead4c3d046348a18624c39de,7279c4c28c2cec23198464a187d64fb0,e3e1326d9b5c49fca9122e1740c80349,8a64a9154c5ac8e9a80f2587f9c99ed8,7234b769b0406eba54b493d221b76a1d,56717d335e824e62469e26821b438442,dee9fb2aace0c71b6795403763cf6ceb,9324afadb93349dca55c9dc1fe2ed80f,553b26c7b7bb776d90941fdf714fdc46,5d5702a88dc582dbe54c2ebb76c9b218,ded5c5ddc6bc143258b20bfd83c37c4f,803dea85bc63eed422a48d86e3d27575,a71c41977f231563d1490c414c232fd1,74913fb30fe667030d2f26c329ef48ec,a24e36c7c4cc70bc6ef55969d4078a12,c8d1c328f00399577ab3b3629ec90249

cruel-fils,c2a4f9c,branch_commit,2023-11-06T16:06:00,,2.0187109,0.0074564,5.0882488,2.9890089,start 2018-03-23 00:59:00,end 2018-08-04 23:59:00,1.4953111,0.0075346,3.2181331,2.1993151,start 2018-03-22 01:59:00,end 2018-08-23 00:59:00,1,60,sharpe,./master/data-wip,master/data-raw/train_3mln.csv,master//rcode//logic/strategy_param.yaml,master//rcode//logic/WfHelper.yaml,28,14,37,30,8547116b4c2f178405fc33378286059f,1834af68e3acc1db39c01d42e4b23926,2bd86fb5dd551e829c51d84307e18472,5f6963fa0033b4328ffd092283c7969e,7897560da77dea7bd205479e9a96790b,95c3db75ead4c3d046348a18624c39de,905d17f90a301db971d9d4e7ddc836f1,895e65353730cca8be6f62c872b8c0f2,ec04803db588c5ba2645c069094b9e8d,7234b769b0406eba54b493d221b76a1d,56717d335e824e62469e26821b438442,dee9fb2aace0c71b6795403763cf6ceb,9324afadb93349dca55c9dc1fe2ed80f,553b26c7b7bb776d90941fdf714fdc46,5d5702a88dc582dbe54c2ebb76c9b218,ded5c5ddc6bc143258b20bfd83c37c4f,803dea85bc63eed422a48d86e3d27575,a71c41977f231563d1490c414c232fd1,74913fb30fe667030d2f26c329ef48ec,a24e36c7c4cc70bc6ef55969d4078a12,c8d1c328f00399577ab3b3629ec90249

barer-tams,d54c1ee,branch_commit,2023-11-06T16:05:40,,2.9867013,0.0074507,14.6863106,4.4837471,start 2018-03-23 00:59:00,end 2018-08-04 23:59:00,2.5217483,0.0074285,9.7512132,3.7596143,start 2018-03-22 01:59:00,end 2018-08-29 00:59:00,1,60,sharpe,./master/data-wip,master/data-raw/train_3mln.csv,master//rcode//logic/strategy_param.yaml,master//rcode//logic/WfHelper.yaml,28,10,37,30,8547116b4c2f178405fc33378286059f,1834af68e3acc1db39c01d42e4b23926,2bd86fb5dd551e829c51d84307e18472,5f6963fa0033b4328ffd092283c7969e,7897560da77dea7bd205479e9a96790b,95c3db75ead4c3d046348a18624c39de,b22a7faf9b0bbdadd063fdc9f282b3af,dd89cc65c1405ac642209f167b64fc69,c05960a11452d091834d17fc55d3bf37,7234b769b0406eba54b493d221b76a1d,56717d335e824e62469e26821b438442,dee9fb2aace0c71b6795403763cf6ceb,9324afadb93349dca55c9dc1fe2ed80f,553b26c7b7bb776d90941fdf714fdc46,5d5702a88dc582dbe54c2ebb76c9b218,ded5c5ddc6bc143258b20bfd83c37c4f,803dea85bc63eed422a48d86e3d27575,a71c41977f231563d1490c414c232fd1,74913fb30fe667030d2f26c329ef48ec,a24e36c7c4cc70bc6ef55969d4078a12,c8d1c328f00399577ab3b3629ec90249

furry-taal,64af26f,branch_commit,2023-11-06T16:05:22,,1.7132224,0.0074593,3.269937,2.5237217,start 2018-03-23 00:59:00,end 2018-08-04 23:59:00,0.6719804,0.0074216,0.3214785,0.9789121,start 2018-03-22 01:59:00,end 2018-08-30 00:59:00,1,60,sharpe,./master/data-wip,master/data-raw/train_3mln.csv,master//rcode//logic/strategy_param.yaml,master//rcode//logic/WfHelper.yaml,28,7,37,30,8547116b4c2f178405fc33378286059f,1834af68e3acc1db39c01d42e4b23926,2bd86fb5dd551e829c51d84307e18472,5f6963fa0033b4328ffd092283c7969e,7897560da77dea7bd205479e9a96790b,95c3db75ead4c3d046348a18624c39de,a65ba368cbbba72894516b318f1afce4,4bb9ac5cc8e8aa70fbefcf3c3259798e,d6bb155f1150b2707f5affc710903eb3,7234b769b0406eba54b493d221b76a1d,56717d335e824e62469e26821b438442,dee9fb2aace0c71b6795403763cf6ceb,9324afadb93349dca55c9dc1fe2ed80f,553b26c7b7bb776d90941fdf714fdc46,5d5702a88dc582dbe54c2ebb76c9b218,ded5c5ddc6bc143258b20bfd83c37c4f,803dea85bc63eed422a48d86e3d27575,a71c41977f231563d1490c414c232fd1,74913fb30fe667030d2f26c329ef48ec,a24e36c7c4cc70bc6ef55969d4078a12,c8d1c328f00399577ab3b3629ec90249

fuzzy-jura,8414d08,branch_commit,2023-11-06T16:04:55,,2.0825142,0.0074557,4.2864592,3.0913067,start 2018-03-23 00:59:00,end 2018-08-04 23:59:00,1.7567935,0.0074324,3.6040461,2.5944424,start 2018-03-22 01:59:00,end 2018-08-29 00:59:00,1,60,sharpe,./master/data-wip,master/data-raw/train_3mln.csv,master//rcode//logic/strategy_param.yaml,master//rcode//logic/WfHelper.yaml,28,5,37,30,8547116b4c2f178405fc33378286059f,1834af68e3acc1db39c01d42e4b23926,2bd86fb5dd551e829c51d84307e18472,5f6963fa0033b4328ffd092283c7969e,7897560da77dea7bd205479e9a96790b,95c3db75ead4c3d046348a18624c39de,ea763e8b282bf3e02a4cfa00a26533d7,4882ca21acb0b4f24f794fc92e9556ef,9c90f2f88425431c30323b011edaeda2,7234b769b0406eba54b493d221b76a1d,56717d335e824e62469e26821b438442,dee9fb2aace0c71b6795403763cf6ceb,9324afadb93349dca55c9dc1fe2ed80f,553b26c7b7bb776d90941fdf714fdc46,5d5702a88dc582dbe54c2ebb76c9b218,ded5c5ddc6bc143258b20bfd83c37c4f,803dea85bc63eed422a48d86e3d27575,a71c41977f231563d1490c414c232fd1,74913fb30fe667030d2f26c329ef48ec,a24e36c7c4cc70bc6ef55969d4078a12,c8d1c328f00399577ab3b3629ec90249

swish-tale,bdfa33d,branch_commit,2023-11-06T16:04:32,,2.1985971,0.0074549,6.205226,3.2840714,start 2018-03-23 00:59:00,end 2018-08-04 23:59:00,1.2063348,0.0074023,1.4486434,1.77986,start 2018-03-22 01:59:00,end 2018-08-31 00:59:00,1,60,sharpe,./master/data-wip,master/data-raw/train_3mln.csv,master//rcode//logic/strategy_param.yaml,master//rcode//logic/WfHelper.yaml,28,3,37,30,8547116b4c2f178405fc33378286059f,1834af68e3acc1db39c01d42e4b23926,2bd86fb5dd551e829c51d84307e18472,5f6963fa0033b4328ffd092283c7969e,7897560da77dea7bd205479e9a96790b,95c3db75ead4c3d046348a18624c39de,7485e20f5ffaa409197358723160ca4e,3731e886f570d0f27d36a34e5e7cb422,1d43aa087085f6fb4b3d6949f9e5d0a9,7234b769b0406eba54b493d221b76a1d,56717d335e824e62469e26821b438442,dee9fb2aace0c71b6795403763cf6ceb,9324afadb93349dca55c9dc1fe2ed80f,553b26c7b7bb776d90941fdf714fdc46,5d5702a88dc582dbe54c2ebb76c9b218,ded5c5ddc6bc143258b20bfd83c37c4f,803dea85bc63eed422a48d86e3d27575,a71c41977f231563d1490c414c232fd1,74913fb30fe667030d2f26c329ef48ec,a24e36c7c4cc70bc6ef55969d4078a12,c8d1c328f00399577ab3b3629ec90249

perky-slue,57230ca,branch_commit,2023-11-06T16:03:59,,2.3220171,0.0074548,7.3131336,3.4712813,start 2018-03-23 00:59:00,end 2018-08-04 23:59:00,1.6506669,0.0073682,3.5060289,2.4423059,start 2018-03-22 01:59:00,end 2018-09-02 00:59:00,1,60,sharpe,./master/data-wip,master/data-raw/train_3mln.csv,master//rcode//logic/strategy_param.yaml,master//rcode//logic/WfHelper.yaml,28,2,37,30,8547116b4c2f178405fc33378286059f,1834af68e3acc1db39c01d42e4b23926,2bd86fb5dd551e829c51d84307e18472,5f6963fa0033b4328ffd092283c7969e,7897560da77dea7bd205479e9a96790b,95c3db75ead4c3d046348a18624c39de,54a6736978d533fe32aabbf0d5ab41d8,70d18110e8d325d204eea737ffceaf83,9afdadbe135376bda8636c13cfa13192,7234b769b0406eba54b493d221b76a1d,56717d335e824e62469e26821b438442,dee9fb2aace0c71b6795403763cf6ceb,9324afadb93349dca55c9dc1fe2ed80f,553b26c7b7bb776d90941fdf714fdc46,5d5702a88dc582dbe54c2ebb76c9b218,ded5c5ddc6bc143258b20bfd83c37c4f,803dea85bc63eed422a48d86e3d27575,a71c41977f231563d1490c414c232fd1,74913fb30fe667030d2f26c329ef48ec,a24e36c7c4cc70bc6ef55969d4078a12,c8d1c328f00399577ab3b3629ec90249

cured-tuck,b9b44ce,branch_commit,2023-11-06T16:03:25,,1.4378522,0.0074564,2.2039761,2.1089558,start 2018-03-23 00:59:00,end 2018-08-04 23:59:00,0.655718,0.0073699,0.41519,0.9535091,start 2018-03-22 01:59:00,end 2018-09-02 00:59:00,1,60,sharpe,./master/data-wip,master/data-raw/train_3mln.csv,master//rcode//logic/strategy_param.yaml,master//rcode//logic/WfHelper.yaml,28,1,37,30,8547116b4c2f178405fc33378286059f,1834af68e3acc1db39c01d42e4b23926,2bd86fb5dd551e829c51d84307e18472,5f6963fa0033b4328ffd092283c7969e,7897560da77dea7bd205479e9a96790b,95c3db75ead4c3d046348a18624c39de,dac36f80e6775b2012699883d7aa5949,f8b1a5a2879c6f1d12999541722c1ce8,b50fc7fd0c24ba08466852838d98a373,7234b769b0406eba54b493d221b76a1d,56717d335e824e62469e26821b438442,dee9fb2aace0c71b6795403763cf6ceb,9324afadb93349dca55c9dc1fe2ed80f,553b26c7b7bb776d90941fdf714fdc46,5d5702a88dc582dbe54c2ebb76c9b218,ded5c5ddc6bc143258b20bfd83c37c4f,803dea85bc63eed422a48d86e3d27575,a71c41977f231563d1490c414c232fd1,74913fb30fe667030d2f26c329ef48ec,a24e36c7c4cc70bc6ef55969d4078a12,c8d1c328f00399577ab3b3629ec90249

loath-raja,afef21a,branch_commit,2023-11-06T16:03:02,,1.7946724,0.0074582,3.6947154,2.630312,start 2018-03-23 00:59:00,end 2018-08-04 23:59:00,1.4699719,0.0077075,3.1877546,2.1202961,start 2018-03-15 01:59:00,end 2018-08-30 00:59:00,1,60,sharpe,./master/data-wip,master/data-raw/train_3mln.csv,master//rcode//logic/strategy_param.yaml,master//rcode//logic/WfHelper.yaml,21,28,37,30,8547116b4c2f178405fc33378286059f,1834af68e3acc1db39c01d42e4b23926,2bd86fb5dd551e829c51d84307e18472,5f6963fa0033b4328ffd092283c7969e,7897560da77dea7bd205479e9a96790b,95c3db75ead4c3d046348a18624c39de,7dabe715aefd7909627f667ca0c0b0f1,9c5270904f5c41f0afd587ec9337b8af,39e64a46eafeeee7197025fb72f30ae8,7234b769b0406eba54b493d221b76a1d,56717d335e824e62469e26821b438442,dee9fb2aace0c71b6795403763cf6ceb,9324afadb93349dca55c9dc1fe2ed80f,553b26c7b7bb776d90941fdf714fdc46,5d5702a88dc582dbe54c2ebb76c9b218,ded5c5ddc6bc143258b20bfd83c37c4f,803dea85bc63eed422a48d86e3d27575,a71c41977f231563d1490c414c232fd1,74913fb30fe667030d2f26c329ef48ec,a24e36c7c4cc70bc6ef55969d4078a12,c8d1c328f00399577ab3b3629ec90249

sneak-koas,64324fc,branch_commit,2023-11-06T16:02:29,,2.0624762,0.0074591,5.7495075,3.0525502,start 2018-03-23 00:59:00,end 2018-08-04 23:59:00,1.6782371,0.0077083,4.7055307,2.4380102,start 2018-03-15 01:59:00,end 2018-08-30 00:59:00,1,60,sharpe,./master/data-wip,master/data-raw/train_3mln.csv,master//rcode//logic/strategy_param.yaml,master//rcode//logic/WfHelper.yaml,21,21,37,30,8547116b4c2f178405fc33378286059f,1834af68e3acc1db39c01d42e4b23926,2bd86fb5dd551e829c51d84307e18472,5f6963fa0033b4328ffd092283c7969e,7897560da77dea7bd205479e9a96790b,95c3db75ead4c3d046348a18624c39de,fbbd65390cafaa03503dc4294e751d23,9805e97e009d560f20275a94f9e8ca29,2616e56c11d21c343f05558c28e2e96d,7234b769b0406eba54b493d221b76a1d,56717d335e824e62469e26821b438442,dee9fb2aace0c71b6795403763cf6ceb,9324afadb93349dca55c9dc1fe2ed80f,553b26c7b7bb776d90941fdf714fdc46,5d5702a88dc582dbe54c2ebb76c9b218,ded5c5ddc6bc143258b20bfd83c37c4f,803dea85bc63eed422a48d86e3d27575,a71c41977f231563d1490c414c232fd1,74913fb30fe667030d2f26c329ef48ec,a24e36c7c4cc70bc6ef55969d4078a12,c8d1c328f00399577ab3b3629ec90249

lower-gude,01a967b,branch_commit,2023-11-06T16:01:57,,2.196369,0.007456,6.8038707,3.2516775,start 2018-03-23 00:59:00,end 2018-08-04 23:59:00,1.0685001,0.0077088,0.8803567,1.5431838,start 2018-03-15 01:59:00,end 2018-08-30 00:59:00,1,60,sharpe,./master/data-wip,master/data-raw/train_3mln.csv,master//rcode//logic/strategy_param.yaml,master//rcode//logic/WfHelper.yaml,21,14,37,30,8547116b4c2f178405fc33378286059f,1834af68e3acc1db39c01d42e4b23926,2bd86fb5dd551e829c51d84307e18472,5f6963fa0033b4328ffd092283c7969e,7897560da77dea7bd205479e9a96790b,95c3db75ead4c3d046348a18624c39de,1b1b9f4a276bb5a02736a76dd6202141,b343211ae15c35b70a9e0df124229047,dd46d21c1866b8557ae948f25eb02022,7234b769b0406eba54b493d221b76a1d,56717d335e824e62469e26821b438442,dee9fb2aace0c71b6795403763cf6ceb,9324afadb93349dca55c9dc1fe2ed80f,553b26c7b7bb776d90941fdf714fdc46,5d5702a88dc582dbe54c2ebb76c9b218,ded5c5ddc6bc143258b20bfd83c37c4f,803dea85bc63eed422a48d86e3d27575,a71c41977f231563d1490c414c232fd1,74913fb30fe667030d2f26c329ef48ec,a24e36c7c4cc70bc6ef55969d4078a12,c8d1c328f00399577ab3b3629ec90249

enemy-coof,6fe5611,branch_commit,2023-11-06T16:01:30,,1.7233659,0.0074639,2.9064184,2.5387965,start 2018-03-23 00:59:00,end 2018-08-04 23:59:00,1.4022424,0.0076809,2.4934873,2.0303906,start 2018-03-15 01:59:00,end 2018-09-01 00:59:00,1,60,sharpe,./master/data-wip,master/data-raw/train_3mln.csv,master//rcode//logic/strategy_param.yaml,master//rcode//logic/WfHelper.yaml,21,10,37,30,8547116b4c2f178405fc33378286059f,1834af68e3acc1db39c01d42e4b23926,2bd86fb5dd551e829c51d84307e18472,5f6963fa0033b4328ffd092283c7969e,7897560da77dea7bd205479e9a96790b,95c3db75ead4c3d046348a18624c39de,09d9448d8f6b9068c50fd64f39643515,066fcaa4f44d6eaa7d7cdb3fd356419d,4131f38ba68ef371de24b0597578c8bc,7234b769b0406eba54b493d221b76a1d,56717d335e824e62469e26821b438442,dee9fb2aace0c71b6795403763cf6ceb,9324afadb93349dca55c9dc1fe2ed80f,553b26c7b7bb776d90941fdf714fdc46,5d5702a88dc582dbe54c2ebb76c9b218,ded5c5ddc6bc143258b20bfd83c37c4f,803dea85bc63eed422a48d86e3d27575,a71c41977f231563d1490c414c232fd1,74913fb30fe667030d2f26c329ef48ec,a24e36c7c4cc70bc6ef55969d4078a12,c8d1c328f00399577ab3b3629ec90249

woven-whap,55a3261,branch_commit,2023-11-06T16:01:04,,1.9367183,0.0074543,5.5388958,2.864951,start 2018-03-23 00:59:00,end 2018-08-04 23:59:00,0.9590966,0.0077067,0.7096086,1.3854013,start 2018-03-15 01:59:00,end 2018-08-30 00:59:00,1,60,sharpe,./master/data-wip,master/data-raw/train_3mln.csv,master//rcode//logic/strategy_param.yaml,master//rcode//logic/WfHelper.yaml,21,7,37,30,8547116b4c2f178405fc33378286059f,1834af68e3acc1db39c01d42e4b23926,2bd86fb5dd551e829c51d84307e18472,5f6963fa0033b4328ffd092283c7969e,7897560da77dea7bd205479e9a96790b,95c3db75ead4c3d046348a18624c39de,3ec5b3d5616c1e3ab56d0f6a2745964e,87c22fc1b2cb9e7a424eecbf9c10c9a3,88c112660fe78dab51938ae92152e7f9,7234b769b0406eba54b493d221b76a1d,56717d335e824e62469e26821b438442,dee9fb2aace0c71b6795403763cf6ceb,9324afadb93349dca55c9dc1fe2ed80f,553b26c7b7bb776d90941fdf714fdc46,5d5702a88dc582dbe54c2ebb76c9b218,ded5c5ddc6bc143258b20bfd83c37c4f,803dea85bc63eed422a48d86e3d27575,a71c41977f231563d1490c414c232fd1,74913fb30fe667030d2f26c329ef48ec,a24e36c7c4cc70bc6ef55969d4078a12,c8d1c328f00399577ab3b3629ec90249

power-yank,339ef72,branch_commit,2023-11-06T16:00:36,,1.1530729,0.0074537,1.3947906,1.6874089,start 2018-03-23 00:59:00,end 2018-08-04 23:59:00,0.7362546,0.0076726,0.6047752,1.0577261,start 2018-03-15 01:59:00,end 2018-09-01 00:59:00,1,60,sharpe,./master/data-wip,master/data-raw/train_3mln.csv,master//rcode//logic/strategy_param.yaml,master//rcode//logic/WfHelper.yaml,21,5,37,30,8547116b4c2f178405fc33378286059f,1834af68e3acc1db39c01d42e4b23926,2bd86fb5dd551e829c51d84307e18472,5f6963fa0033b4328ffd092283c7969e,7897560da77dea7bd205479e9a96790b,95c3db75ead4c3d046348a18624c39de,24f299f201a06b662701ca85ab002b90,6d98d970a474382f97da973595482992,65b1cf6b03f0a32e6bdcc24856edf94a,7234b769b0406eba54b493d221b76a1d,56717d335e824e62469e26821b438442,dee9fb2aace0c71b6795403763cf6ceb,9324afadb93349dca55c9dc1fe2ed80f,553b26c7b7bb776d90941fdf714fdc46,5d5702a88dc582dbe54c2ebb76c9b218,ded5c5ddc6bc143258b20bfd83c37c4f,803dea85bc63eed422a48d86e3d27575,a71c41977f231563d1490c414c232fd1,74913fb30fe667030d2f26c329ef48ec,a24e36c7c4cc70bc6ef55969d4078a12,c8d1c328f00399577ab3b3629ec90249

moldy-mere,19d077b,branch_commit,2023-11-06T16:00:10,,1.6917249,0.0074561,3.7804506,2.4983133,start 2018-03-23 00:59:00,end 2018-08-04 23:59:00,0.9594015,0.0076583,1.0130095,1.3812438,start 2018-03-15 01:59:00,end 2018-09-02 00:59:00,1,60,sharpe,./master/data-wip,master/data-raw/train_3mln.csv,master//rcode//logic/strategy_param.yaml,master//rcode//logic/WfHelper.yaml,21,3,37,30,8547116b4c2f178405fc33378286059f,1834af68e3acc1db39c01d42e4b23926,2bd86fb5dd551e829c51d84307e18472,5f6963fa0033b4328ffd092283c7969e,7897560da77dea7bd205479e9a96790b,95c3db75ead4c3d046348a18624c39de,7c07334c9291964c6ff6359f93c37b99,f1864deb5ec22277467c1ff7d109b613,b182fdf2e071315165d1b794b660df20,7234b769b0406eba54b493d221b76a1d,56717d335e824e62469e26821b438442,dee9fb2aace0c71b6795403763cf6ceb,9324afadb93349dca55c9dc1fe2ed80f,553b26c7b7bb776d90941fdf714fdc46,5d5702a88dc582dbe54c2ebb76c9b218,ded5c5ddc6bc143258b20bfd83c37c4f,803dea85bc63eed422a48d86e3d27575,a71c41977f231563d1490c414c232fd1,74913fb30fe667030d2f26c329ef48ec,a24e36c7c4cc70bc6ef55969d4078a12,c8d1c328f00399577ab3b3629ec90249

bovid-tilt,4dcc90e,branch_commit,2023-11-06T15:59:41,,1.2387101,0.0074565,1.527605,1.8140699,start 2018-03-23 00:59:00,end 2018-08-04 23:59:00,0.3027544,0.0076759,0.0858345,0.4325321,start 2018-03-15 01:59:00,end 2018-09-01 00:59:00,1,60,sharpe,./master/data-wip,master/data-raw/train_3mln.csv,master//rcode//logic/strategy_param.yaml,master//rcode//logic/WfHelper.yaml,21,2,37,30,8547116b4c2f178405fc33378286059f,1834af68e3acc1db39c01d42e4b23926,2bd86fb5dd551e829c51d84307e18472,5f6963fa0033b4328ffd092283c7969e,7897560da77dea7bd205479e9a96790b,95c3db75ead4c3d046348a18624c39de,185e9841598ee90b79b72da8a7157d12,9d8ee8f8837a295985638e188878abb8,c741ab064b3a21710c8a3dec9c33d670,7234b769b0406eba54b493d221b76a1d,56717d335e824e62469e26821b438442,dee9fb2aace0c71b6795403763cf6ceb,9324afadb93349dca55c9dc1fe2ed80f,553b26c7b7bb776d90941fdf714fdc46,5d5702a88dc582dbe54c2ebb76c9b218,ded5c5ddc6bc143258b20bfd83c37c4f,803dea85bc63eed422a48d86e3d27575,a71c41977f231563d1490c414c232fd1,74913fb30fe667030d2f26c329ef48ec,a24e36c7c4cc70bc6ef55969d4078a12,c8d1c328f00399577ab3b3629ec90249

wormy-dunt,ca68a25,branch_commit,2023-11-06T15:59:10,,1.6511025,0.007455,3.557524,2.4329332,start 2018-03-23 00:59:00,end 2018-08-04 23:59:00,0.8863057,0.00766,0.709864,1.2770771,start 2018-03-15 01:59:00,end 2018-09-02 00:59:00,1,60,sharpe,./master/data-wip,master/data-raw/train_3mln.csv,master//rcode//logic/strategy_param.yaml,master//rcode//logic/WfHelper.yaml,21,1,37,30,8547116b4c2f178405fc33378286059f,1834af68e3acc1db39c01d42e4b23926,2bd86fb5dd551e829c51d84307e18472,5f6963fa0033b4328ffd092283c7969e,7897560da77dea7bd205479e9a96790b,95c3db75ead4c3d046348a18624c39de,3f1c44cc558d00e9a51b5c0784b22fb9,9606adc2e1ed1757f4fd3a7dda7265b3,e70d47a431b7edb4332281a52fc1ad38,7234b769b0406eba54b493d221b76a1d,56717d335e824e62469e26821b438442,dee9fb2aace0c71b6795403763cf6ceb,9324afadb93349dca55c9dc1fe2ed80f,553b26c7b7bb776d90941fdf714fdc46,5d5702a88dc582dbe54c2ebb76c9b218,ded5c5ddc6bc143258b20bfd83c37c4f,803dea85bc63eed422a48d86e3d27575,a71c41977f231563d1490c414c232fd1,74913fb30fe667030d2f26c329ef48ec,a24e36c7c4cc70bc6ef55969d4078a12,c8d1c328f00399577ab3b3629ec90249

pavid-lahs,c13a1e5,branch_commit,2023-11-06T15:58:32,,2.4195834,0.0074597,7.9135383,3.5935065,start 2018-03-23 00:59:00,end 2018-08-04 23:59:00,1.6201615,0.0083006,3.959824,2.3462421,start 2018-03-08 01:59:00,end 2018-08-23 00:59:00,1,60,sharpe,./master/data-wip,master/data-raw/train_3mln.csv,master//rcode//logic/strategy_param.yaml,master//rcode//logic/WfHelper.yaml,14,28,37,30,8547116b4c2f178405fc33378286059f,1834af68e3acc1db39c01d42e4b23926,2bd86fb5dd551e829c51d84307e18472,5f6963fa0033b4328ffd092283c7969e,7897560da77dea7bd205479e9a96790b,95c3db75ead4c3d046348a18624c39de,e13c0ddeabcb3cf8b494707ae8b65881,b87e15aed8ebf922a87a4df3d48d1b37,f0d72fccb7d910155cecf16c23cac431,7234b769b0406eba54b493d221b76a1d,56717d335e824e62469e26821b438442,dee9fb2aace0c71b6795403763cf6ceb,9324afadb93349dca55c9dc1fe2ed80f,553b26c7b7bb776d90941fdf714fdc46,5d5702a88dc582dbe54c2ebb76c9b218,ded5c5ddc6bc143258b20bfd83c37c4f,803dea85bc63eed422a48d86e3d27575,a71c41977f231563d1490c414c232fd1,74913fb30fe667030d2f26c329ef48ec,a24e36c7c4cc70bc6ef55969d4078a12,c8d1c328f00399577ab3b3629ec90249

withy-sorb,1035131,branch_commit,2023-11-06T15:58:08,,2.5345835,0.0074531,7.5066471,3.7701611,start 2018-03-23 00:59:00,end 2018-08-04 23:59:00,1.920105,0.0082954,5.7668987,2.7854425,start 2018-03-08 01:59:00,end 2018-08-23 00:59:00,1,60,sharpe,./master/data-wip,master/data-raw/train_3mln.csv,master//rcode//logic/strategy_param.yaml,master//rcode//logic/WfHelper.yaml,14,21,37,30,8547116b4c2f178405fc33378286059f,1834af68e3acc1db39c01d42e4b23926,2bd86fb5dd551e829c51d84307e18472,5f6963fa0033b4328ffd092283c7969e,7897560da77dea7bd205479e9a96790b,95c3db75ead4c3d046348a18624c39de,f3f42e08e755a9bbd2d849d0eea1c8e9,fc848c5c3b92651b161c083e0037977d,a9e4ea704f5f3c801df3e00bd6e846ae,7234b769b0406eba54b493d221b76a1d,56717d335e824e62469e26821b438442,dee9fb2aace0c71b6795403763cf6ceb,9324afadb93349dca55c9dc1fe2ed80f,553b26c7b7bb776d90941fdf714fdc46,5d5702a88dc582dbe54c2ebb76c9b218,ded5c5ddc6bc143258b20bfd83c37c4f,803dea85bc63eed422a48d86e3d27575,a71c41977f231563d1490c414c232fd1,74913fb30fe667030d2f26c329ef48ec,a24e36c7c4cc70bc6ef55969d4078a12,c8d1c328f00399577ab3b3629ec90249

welsh-okra,3343b74,branch_commit,2023-11-06T15:57:42,,2.0007242,0.0074558,5.051811,2.9528237,start 2018-03-23 00:59:00,end 2018-08-04 23:59:00,1.6064147,0.0082967,3.841546,2.3202093,start 2018-03-08 01:59:00,end 2018-08-23 00:59:00,1,60,sharpe,./master/data-wip,master/data-raw/train_3mln.csv,master//rcode//logic/strategy_param.yaml,master//rcode//logic/WfHelper.yaml,14,14,37,30,8547116b4c2f178405fc33378286059f,1834af68e3acc1db39c01d42e4b23926,2bd86fb5dd551e829c51d84307e18472,5f6963fa0033b4328ffd092283c7969e,7897560da77dea7bd205479e9a96790b,95c3db75ead4c3d046348a18624c39de,a8d626f576593c66aeea5cf5e0a56a81,2297a407c56e8bedead1b23c6628d857,a5a49adc9f6d70fe3927361edaee93ae,7234b769b0406eba54b493d221b76a1d,56717d335e824e62469e26821b438442,dee9fb2aace0c71b6795403763cf6ceb,9324afadb93349dca55c9dc1fe2ed80f,553b26c7b7bb776d90941fdf714fdc46,5d5702a88dc582dbe54c2ebb76c9b218,ded5c5ddc6bc143258b20bfd83c37c4f,803dea85bc63eed422a48d86e3d27575,a71c41977f231563d1490c414c232fd1,74913fb30fe667030d2f26c329ef48ec,a24e36c7c4cc70bc6ef55969d4078a12,c8d1c328f00399577ab3b3629ec90249

utile-jube,bcf7a0f,branch_commit,2023-11-06T15:57:17,,2.5703967,0.0074485,8.8584851,3.800348,start 2018-03-23 00:59:00,end 2018-08-04 23:59:00,1.5693146,0.0082545,2.7900963,2.2568299,start 2018-03-08 01:59:00,end 2018-08-25 00:59:00,1,60,sharpe,./master/data-wip,master/data-raw/train_3mln.csv,master//rcode//logic/strategy_param.yaml,master//rcode//logic/WfHelper.yaml,14,10,37,30,8547116b4c2f178405fc33378286059f,1834af68e3acc1db39c01d42e4b23926,2bd86fb5dd551e829c51d84307e18472,5f6963fa0033b4328ffd092283c7969e,7897560da77dea7bd205479e9a96790b,95c3db75ead4c3d046348a18624c39de,5ad4b8d25fea8920484ea734a55e741d,dc92819559e95df74c2a436f918de22f,399cf8878b49574290de180e9251d0a7,7234b769b0406eba54b493d221b76a1d,56717d335e824e62469e26821b438442,dee9fb2aace0c71b6795403763cf6ceb,9324afadb93349dca55c9dc1fe2ed80f,553b26c7b7bb776d90941fdf714fdc46,5d5702a88dc582dbe54c2ebb76c9b218,ded5c5ddc6bc143258b20bfd83c37c4f,803dea85bc63eed422a48d86e3d27575,a71c41977f231563d1490c414c232fd1,74913fb30fe667030d2f26c329ef48ec,a24e36c7c4cc70bc6ef55969d4078a12,c8d1c328f00399577ab3b3629ec90249

sooty-mete,ae7e30f,branch_commit,2023-11-06T15:56:51,,2.3802258,0.0074515,6.2144325,3.5310157,start 2018-03-23 00:59:00,end 2018-08-04 23:59:00,1.5192441,0.0081693,2.6229978,2.1970765,start 2018-03-08 01:59:00,end 2018-08-30 00:59:00,1,60,sharpe,./master/data-wip,master/data-raw/train_3mln.csv,master//rcode//logic/strategy_param.yaml,master//rcode//logic/WfHelper.yaml,14,7,37,30,8547116b4c2f178405fc33378286059f,1834af68e3acc1db39c01d42e4b23926,2bd86fb5dd551e829c51d84307e18472,5f6963fa0033b4328ffd092283c7969e,7897560da77dea7bd205479e9a96790b,95c3db75ead4c3d046348a18624c39de,94875091807adecd7f6158504f23e45f,0f7ac484c836c861a70452fa1dcde96b,3326391e61f0dec7b1a7cf43222b4a7e,7234b769b0406eba54b493d221b76a1d,56717d335e824e62469e26821b438442,dee9fb2aace0c71b6795403763cf6ceb,9324afadb93349dca55c9dc1fe2ed80f,553b26c7b7bb776d90941fdf714fdc46,5d5702a88dc582dbe54c2ebb76c9b218,ded5c5ddc6bc143258b20bfd83c37c4f,803dea85bc63eed422a48d86e3d27575,a71c41977f231563d1490c414c232fd1,74913fb30fe667030d2f26c329ef48ec,a24e36c7c4cc70bc6ef55969d4078a12,c8d1c328f00399577ab3b3629ec90249

washy-daws,c88500c,branch_commit,2023-11-06T15:56:25,,1.9539417,0.0074566,3.9641099,2.8692114,start 2018-03-23 00:59:00,end 2018-08-04 23:59:00,1.388604,0.0081724,1.8636796,1.9958185,start 2018-03-08 01:59:00,end 2018-08-30 00:59:00,1,60,sharpe,./master/data-wip,master/data-raw/train_3mln.csv,master//rcode//logic/strategy_param.yaml,master//rcode//logic/WfHelper.yaml,14,5,37,30,8547116b4c2f178405fc33378286059f,1834af68e3acc1db39c01d42e4b23926,2bd86fb5dd551e829c51d84307e18472,5f6963fa0033b4328ffd092283c7969e,7897560da77dea7bd205479e9a96790b,95c3db75ead4c3d046348a18624c39de,3cfdb2a4b7eec801d68bfe29c8d9abca,86058d82172e33f900b2377cd45be16b,97cd5a7192df44bb655651bbb6b48157,7234b769b0406eba54b493d221b76a1d,56717d335e824e62469e26821b438442,dee9fb2aace0c71b6795403763cf6ceb,9324afadb93349dca55c9dc1fe2ed80f,553b26c7b7bb776d90941fdf714fdc46,5d5702a88dc582dbe54c2ebb76c9b218,ded5c5ddc6bc143258b20bfd83c37c4f,803dea85bc63eed422a48d86e3d27575,a71c41977f231563d1490c414c232fd1,74913fb30fe667030d2f26c329ef48ec,a24e36c7c4cc70bc6ef55969d4078a12,c8d1c328f00399577ab3b3629ec90249

dried-lahs,650aa97,branch_commit,2023-11-06T15:55:58,,2.0822608,0.007457,5.0072401,3.0603089,start 2018-03-23 00:59:00,end 2018-08-04 23:59:00,1.2818495,0.0081409,2.2093195,1.8417278,start 2018-03-08 01:59:00,end 2018-09-01 00:59:00,1,60,sharpe,./master/data-wip,master/data-raw/train_3mln.csv,master//rcode//logic/strategy_param.yaml,master//rcode//logic/WfHelper.yaml,14,3,37,30,8547116b4c2f178405fc33378286059f,1834af68e3acc1db39c01d42e4b23926,2bd86fb5dd551e829c51d84307e18472,5f6963fa0033b4328ffd092283c7969e,7897560da77dea7bd205479e9a96790b,95c3db75ead4c3d046348a18624c39de,7bffc8f9868fd4fa9d7e5f7a67a2c185,05608e5e083f86cd06de1ee3a37d6acb,c24b255d6cc1d0df28c85a27be6130db,7234b769b0406eba54b493d221b76a1d,56717d335e824e62469e26821b438442,dee9fb2aace0c71b6795403763cf6ceb,9324afadb93349dca55c9dc1fe2ed80f,553b26c7b7bb776d90941fdf714fdc46,5d5702a88dc582dbe54c2ebb76c9b218,ded5c5ddc6bc143258b20bfd83c37c4f,803dea85bc63eed422a48d86e3d27575,a71c41977f231563d1490c414c232fd1,74913fb30fe667030d2f26c329ef48ec,a24e36c7c4cc70bc6ef55969d4078a12,c8d1c328f00399577ab3b3629ec90249

cushy-tang,a36d416,branch_commit,2023-11-06T15:55:28,,1.9722168,0.0074585,4.4285598,2.8917747,start 2018-03-23 00:59:00,end 2018-08-04 23:59:00,1.3042535,0.0081233,2.0076463,1.8694262,start 2018-03-08 01:59:00,end 2018-09-02 00:59:00,1,60,sharpe,./master/data-wip,master/data-raw/train_3mln.csv,master//rcode//logic/strategy_param.yaml,master//rcode//logic/WfHelper.yaml,14,2,37,30,8547116b4c2f178405fc33378286059f,1834af68e3acc1db39c01d42e4b23926,2bd86fb5dd551e829c51d84307e18472,5f6963fa0033b4328ffd092283c7969e,7897560da77dea7bd205479e9a96790b,95c3db75ead4c3d046348a18624c39de,1da5acc1efc823cfda55bd20dafccc92,276a660dfc1214dab839a59e847bed68,683848bb4d6c5237b8c063291d51c27a,7234b769b0406eba54b493d221b76a1d,56717d335e824e62469e26821b438442,dee9fb2aace0c71b6795403763cf6ceb,9324afadb93349dca55c9dc1fe2ed80f,553b26c7b7bb776d90941fdf714fdc46,5d5702a88dc582dbe54c2ebb76c9b218,ded5c5ddc6bc143258b20bfd83c37c4f,803dea85bc63eed422a48d86e3d27575,a71c41977f231563d1490c414c232fd1,74913fb30fe667030d2f26c329ef48ec,a24e36c7c4cc70bc6ef55969d4078a12,c8d1c328f00399577ab3b3629ec90249

fetal-dees,d3fbc5e,branch_commit,2023-11-06T15:54:56,,2.277474,0.0074576,6.6641557,3.3527003,start 2018-03-23 00:59:00,end 2018-08-04 23:59:00,1.3056345,0.0081228,1.6974818,1.8754612,start 2018-03-08 01:59:00,end 2018-09-02 00:59:00,1,60,sharpe,./master/data-wip,master/data-raw/train_3mln.csv,master//rcode//logic/strategy_param.yaml,master//rcode//logic/WfHelper.yaml,14,1,37,30,8547116b4c2f178405fc33378286059f,1834af68e3acc1db39c01d42e4b23926,2bd86fb5dd551e829c51d84307e18472,5f6963fa0033b4328ffd092283c7969e,7897560da77dea7bd205479e9a96790b,95c3db75ead4c3d046348a18624c39de,9e6a1787c16194008feb3cd3ecd5ace0,a682afd27f3722545df91dc9c7ee35d8,dc0790700d5ca45348e7c99e1acb6699,7234b769b0406eba54b493d221b76a1d,56717d335e824e62469e26821b438442,dee9fb2aace0c71b6795403763cf6ceb,9324afadb93349dca55c9dc1fe2ed80f,553b26c7b7bb776d90941fdf714fdc46,5d5702a88dc582dbe54c2ebb76c9b218,ded5c5ddc6bc143258b20bfd83c37c4f,803dea85bc63eed422a48d86e3d27575,a71c41977f231563d1490c414c232fd1,74913fb30fe667030d2f26c329ef48ec,a24e36c7c4cc70bc6ef55969d4078a12,c8d1c328f00399577ab3b3629ec90249

doped-nibs,e7e6c4f,branch_commit,2023-11-06T15:54:35,,2.8701952,0.0074557,11.4452348,4.2744441,start 2018-03-23 00:59:00,end 2018-08-04 23:59:00,2.6400557,0.0083615,12.9715014,3.8647316,start 2018-03-04 01:59:00,end 2018-08-19 00:59:00,1,60,sharpe,./master/data-wip,master/data-raw/train_3mln.csv,master//rcode//logic/strategy_param.yaml,master//rcode//logic/WfHelper.yaml,10,28,37,30,8547116b4c2f178405fc33378286059f,1834af68e3acc1db39c01d42e4b23926,2bd86fb5dd551e829c51d84307e18472,5f6963fa0033b4328ffd092283c7969e,7897560da77dea7bd205479e9a96790b,95c3db75ead4c3d046348a18624c39de,f585de28956be9debf28bd48668cea46,bf52d256857cf82be485352ae51bb8a2,fd4f3004af912f8fc40c3accd0b6537c,7234b769b0406eba54b493d221b76a1d,56717d335e824e62469e26821b438442,dee9fb2aace0c71b6795403763cf6ceb,9324afadb93349dca55c9dc1fe2ed80f,553b26c7b7bb776d90941fdf714fdc46,5d5702a88dc582dbe54c2ebb76c9b218,ded5c5ddc6bc143258b20bfd83c37c4f,803dea85bc63eed422a48d86e3d27575,a71c41977f231563d1490c414c232fd1,74913fb30fe667030d2f26c329ef48ec,a24e36c7c4cc70bc6ef55969d4078a12,c8d1c328f00399577ab3b3629ec90249

tippy-umbo,85fcd65,branch_commit,2023-11-06T15:54:15,,2.0681675,0.007465,4.5110241,3.0544057,start 2018-03-23 00:59:00,end 2018-08-04 23:59:00,2.0662094,0.008368,6.2808294,3.0053205,start 2018-03-04 01:59:00,end 2018-08-19 00:59:00,1,60,sharpe,./master/data-wip,master/data-raw/train_3mln.csv,master//rcode//logic/strategy_param.yaml,master//rcode//logic/WfHelper.yaml,10,21,37,30,8547116b4c2f178405fc33378286059f,1834af68e3acc1db39c01d42e4b23926,2bd86fb5dd551e829c51d84307e18472,5f6963fa0033b4328ffd092283c7969e,7897560da77dea7bd205479e9a96790b,95c3db75ead4c3d046348a18624c39de,182098806f110558c6de62041c4cab91,c2e355b11a91132125893ce4707fc938,e01243b0544ec3ed9d04ce69a74290ca,7234b769b0406eba54b493d221b76a1d,56717d335e824e62469e26821b438442,dee9fb2aace0c71b6795403763cf6ceb,9324afadb93349dca55c9dc1fe2ed80f,553b26c7b7bb776d90941fdf714fdc46,5d5702a88dc582dbe54c2ebb76c9b218,ded5c5ddc6bc143258b20bfd83c37c4f,803dea85bc63eed422a48d86e3d27575,a71c41977f231563d1490c414c232fd1,74913fb30fe667030d2f26c329ef48ec,a24e36c7c4cc70bc6ef55969d4078a12,c8d1c328f00399577ab3b3629ec90249

apeak-bait,0bd4123,branch_commit,2023-11-06T15:53:49,,1.6206297,0.0074555,2.6332197,2.3768897,start 2018-03-23 00:59:00,end 2018-08-04 23:59:00,1.4375914,0.0081788,3.0631565,2.0787354,start 2018-03-04 01:59:00,end 2018-09-02 00:59:00,1,60,sharpe,./master/data-wip,master/data-raw/train_3mln.csv,master//rcode//logic/strategy_param.yaml,master//rcode//logic/WfHelper.yaml,10,14,37,30,8547116b4c2f178405fc33378286059f,1834af68e3acc1db39c01d42e4b23926,2bd86fb5dd551e829c51d84307e18472,5f6963fa0033b4328ffd092283c7969e,7897560da77dea7bd205479e9a96790b,95c3db75ead4c3d046348a18624c39de,853d01ec593846921ac01693bf46419f,1f40805a59c0197b2273051f4a4a977e,4689939d79c12c0c9386698dae37f87b,7234b769b0406eba54b493d221b76a1d,56717d335e824e62469e26821b438442,dee9fb2aace0c71b6795403763cf6ceb,9324afadb93349dca55c9dc1fe2ed80f,553b26c7b7bb776d90941fdf714fdc46,5d5702a88dc582dbe54c2ebb76c9b218,ded5c5ddc6bc143258b20bfd83c37c4f,803dea85bc63eed422a48d86e3d27575,a71c41977f231563d1490c414c232fd1,74913fb30fe667030d2f26c329ef48ec,a24e36c7c4cc70bc6ef55969d4078a12,c8d1c328f00399577ab3b3629ec90249

runty-soya,0554b91,branch_commit,2023-11-06T15:53:30,,1.2934355,0.007461,1.080312,1.8820819,start 2018-03-23 00:59:00,end 2018-08-04 23:59:00,0.8987131,0.0082208,0.7662263,1.2911454,start 2018-03-04 01:59:00,end 2018-08-31 00:59:00,1,60,sharpe,./master/data-wip,master/data-raw/train_3mln.csv,master//rcode//logic/strategy_param.yaml,master//rcode//logic/WfHelper.yaml,10,10,37,30,8547116b4c2f178405fc33378286059f,1834af68e3acc1db39c01d42e4b23926,2bd86fb5dd551e829c51d84307e18472,5f6963fa0033b4328ffd092283c7969e,7897560da77dea7bd205479e9a96790b,95c3db75ead4c3d046348a18624c39de,c9deeff37c778934e48e6d45de3955c5,c0f1907eef2d4a216e2d0836cca925df,931d73d3eb43468526898286050d45c2,7234b769b0406eba54b493d221b76a1d,56717d335e824e62469e26821b438442,dee9fb2aace0c71b6795403763cf6ceb,9324afadb93349dca55c9dc1fe2ed80f,553b26c7b7bb776d90941fdf714fdc46,5d5702a88dc582dbe54c2ebb76c9b218,ded5c5ddc6bc143258b20bfd83c37c4f,803dea85bc63eed422a48d86e3d27575,a71c41977f231563d1490c414c232fd1,74913fb30fe667030d2f26c329ef48ec,a24e36c7c4cc70bc6ef55969d4078a12,c8d1c328f00399577ab3b3629ec90249

sable-eyot,0bd69a6,branch_commit,2023-11-06T15:53:10,,0.2871643,0.0074638,0.048694,0.4119339,start 2018-03-23 00:59:00,end 2018-08-04 23:59:00,0.4581346,0.0081849,0.1832294,0.6530932,start 2018-03-04 01:59:00,end 2018-09-02 00:59:00,1,60,sharpe,./master/data-wip,master/data-raw/train_3mln.csv,master//rcode//logic/strategy_param.yaml,master//rcode//logic/WfHelper.yaml,10,7,37,30,8547116b4c2f178405fc33378286059f,1834af68e3acc1db39c01d42e4b23926,2bd86fb5dd551e829c51d84307e18472,5f6963fa0033b4328ffd092283c7969e,7897560da77dea7bd205479e9a96790b,95c3db75ead4c3d046348a18624c39de,173310d0f19ed887db804d8812d1e25a,23aab9ce65eda6ad3b5e24953b1f0585,94e20a4f79eade9652fc03decb94f3ba,7234b769b0406eba54b493d221b76a1d,56717d335e824e62469e26821b438442,dee9fb2aace0c71b6795403763cf6ceb,9324afadb93349dca55c9dc1fe2ed80f,553b26c7b7bb776d90941fdf714fdc46,5d5702a88dc582dbe54c2ebb76c9b218,ded5c5ddc6bc143258b20bfd83c37c4f,803dea85bc63eed422a48d86e3d27575,a71c41977f231563d1490c414c232fd1,74913fb30fe667030d2f26c329ef48ec,a24e36c7c4cc70bc6ef55969d4078a12,c8d1c328f00399577ab3b3629ec90249

pithy-send,87a270a,branch_commit,2023-11-06T15:52:45,,1.2947029,0.0074563,1.3954595,1.8838156,start 2018-03-23 00:59:00,end 2018-08-04 23:59:00,1.0106164,0.008218,1.2494898,1.457628,start 2018-03-04 01:59:00,end 2018-08-31 00:59:00,1,60,sharpe,./master/data-wip,master/data-raw/train_3mln.csv,master//rcode//logic/strategy_param.yaml,master//rcode//logic/WfHelper.yaml,10,5,37,30,8547116b4c2f178405fc33378286059f,1834af68e3acc1db39c01d42e4b23926,2bd86fb5dd551e829c51d84307e18472,5f6963fa0033b4328ffd092283c7969e,7897560da77dea7bd205479e9a96790b,95c3db75ead4c3d046348a18624c39de,9ff44597714c53fede8ed061dd388585,c7d9b29adef401d31ab58617b59c6bc4,2d6cf46a2cc66c377eef14147692609d,7234b769b0406eba54b493d221b76a1d,56717d335e824e62469e26821b438442,dee9fb2aace0c71b6795403763cf6ceb,9324afadb93349dca55c9dc1fe2ed80f,553b26c7b7bb776d90941fdf714fdc46,5d5702a88dc582dbe54c2ebb76c9b218,ded5c5ddc6bc143258b20bfd83c37c4f,803dea85bc63eed422a48d86e3d27575,a71c41977f231563d1490c414c232fd1,74913fb30fe667030d2f26c329ef48ec,a24e36c7c4cc70bc6ef55969d4078a12,c8d1c328f00399577ab3b3629ec90249

hazel-dado,d44a5c3,branch_commit,2023-11-06T15:52:25,,0.90919,0.0074599,0.6582588,1.3195295,start 2018-03-23 00:59:00,end 2018-08-04 23:59:00,0.4067228,0.0082197,0.1926698,0.5828735,start 2018-03-04 01:59:00,end 2018-08-31 00:59:00,1,60,sharpe,./master/data-wip,master/data-raw/train_3mln.csv,master//rcode//logic/strategy_param.yaml,master//rcode//logic/WfHelper.yaml,10,3,37,30,8547116b4c2f178405fc33378286059f,1834af68e3acc1db39c01d42e4b23926,2bd86fb5dd551e829c51d84307e18472,5f6963fa0033b4328ffd092283c7969e,7897560da77dea7bd205479e9a96790b,95c3db75ead4c3d046348a18624c39de,d56596c747c7da570f7d998472fe3aa6,68a61f707714638f1e9ebbbc11afdba2,9b3a763ee58215143ba44ccb24cdb600,7234b769b0406eba54b493d221b76a1d,56717d335e824e62469e26821b438442,dee9fb2aace0c71b6795403763cf6ceb,9324afadb93349dca55c9dc1fe2ed80f,553b26c7b7bb776d90941fdf714fdc46,5d5702a88dc582dbe54c2ebb76c9b218,ded5c5ddc6bc143258b20bfd83c37c4f,803dea85bc63eed422a48d86e3d27575,a71c41977f231563d1490c414c232fd1,74913fb30fe667030d2f26c329ef48ec,a24e36c7c4cc70bc6ef55969d4078a12,c8d1c328f00399577ab3b3629ec90249

often-frit,e4b66a5,branch_commit,2023-11-06T15:51:56,,0.363428,0.0074629,0.0774353,0.5251162,start 2018-03-23 00:59:00,end 2018-08-04 23:59:00,0.1101273,0.008186,0.0101592,0.1571792,start 2018-03-04 01:59:00,end 2018-09-02 00:59:00,1,60,sharpe,./master/data-wip,master/data-raw/train_3mln.csv,master//rcode//logic/strategy_param.yaml,master//rcode//logic/WfHelper.yaml,10,2,37,30,8547116b4c2f178405fc33378286059f,1834af68e3acc1db39c01d42e4b23926,2bd86fb5dd551e829c51d84307e18472,5f6963fa0033b4328ffd092283c7969e,7897560da77dea7bd205479e9a96790b,95c3db75ead4c3d046348a18624c39de,4ec2dcb7df689906ffd349e2d02c0b5a,366887756c4d1de45e760903ac286dad,55e0f3fcc3ea0be200a497ac8b50f2a3,7234b769b0406eba54b493d221b76a1d,56717d335e824e62469e26821b438442,dee9fb2aace0c71b6795403763cf6ceb,9324afadb93349dca55c9dc1fe2ed80f,553b26c7b7bb776d90941fdf714fdc46,5d5702a88dc582dbe54c2ebb76c9b218,ded5c5ddc6bc143258b20bfd83c37c4f,803dea85bc63eed422a48d86e3d27575,a71c41977f231563d1490c414c232fd1,74913fb30fe667030d2f26c329ef48ec,a24e36c7c4cc70bc6ef55969d4078a12,c8d1c328f00399577ab3b3629ec90249

frank-halm,c7ccdd6,branch_commit,2023-11-06T15:51:25,,0.6646765,0.0074604,0.3419051,0.958924,start 2018-03-23 00:59:00,end 2018-08-04 23:59:00,0.1174131,0.0081848,0.0131142,0.1673315,start 2018-03-04 01:59:00,end 2018-09-02 00:59:00,1,60,sharpe,./master/data-wip,master/data-raw/train_3mln.csv,master//rcode//logic/strategy_param.yaml,master//rcode//logic/WfHelper.yaml,10,1,37,30,8547116b4c2f178405fc33378286059f,1834af68e3acc1db39c01d42e4b23926,2bd86fb5dd551e829c51d84307e18472,5f6963fa0033b4328ffd092283c7969e,7897560da77dea7bd205479e9a96790b,95c3db75ead4c3d046348a18624c39de,8c9802584eeb932097440bd569429c1b,070c4c7006b7cdfedd1eeb566bc6c6b8,bc3b9fa10be05a0483621f77165719fe,7234b769b0406eba54b493d221b76a1d,56717d335e824e62469e26821b438442,dee9fb2aace0c71b6795403763cf6ceb,9324afadb93349dca55c9dc1fe2ed80f,553b26c7b7bb776d90941fdf714fdc46,5d5702a88dc582dbe54c2ebb76c9b218,ded5c5ddc6bc143258b20bfd83c37c4f,803dea85bc63eed422a48d86e3d27575,a71c41977f231563d1490c414c232fd1,74913fb30fe667030d2f26c329ef48ec,a24e36c7c4cc70bc6ef55969d4078a12,c8d1c328f00399577ab3b3629ec90249

runny-tole,15d35c4,branch_commit,2023-11-06T15:51:05,,2.3593845,0.0074569,5.8342133,3.4796641,start 2018-03-23 00:59:00,end 2018-08-04 23:59:00,2.1339574,0.0083812,6.6754342,3.0952892,start 2018-03-01 01:59:00,end 2018-08-16 00:59:00,1,60,sharpe,./master/data-wip,master/data-raw/train_3mln.csv,master//rcode//logic/strategy_param.yaml,master//rcode//logic/WfHelper.yaml,7,28,37,30,8547116b4c2f178405fc33378286059f,1834af68e3acc1db39c01d42e4b23926,2bd86fb5dd551e829c51d84307e18472,5f6963fa0033b4328ffd092283c7969e,7897560da77dea7bd205479e9a96790b,95c3db75ead4c3d046348a18624c39de,79639e004c39ad75d1d426914ac39b6c,ca629f473453d1354b2c2c8061f4cdda,7177ec22b0fb4f2cb5e2187166e17af3,7234b769b0406eba54b493d221b76a1d,56717d335e824e62469e26821b438442,dee9fb2aace0c71b6795403763cf6ceb,9324afadb93349dca55c9dc1fe2ed80f,553b26c7b7bb776d90941fdf714fdc46,5d5702a88dc582dbe54c2ebb76c9b218,ded5c5ddc6bc143258b20bfd83c37c4f,803dea85bc63eed422a48d86e3d27575,a71c41977f231563d1490c414c232fd1,74913fb30fe667030d2f26c329ef48ec,a24e36c7c4cc70bc6ef55969d4078a12,c8d1c328f00399577ab3b3629ec90249

finer-zack,1d27159,branch_commit,2023-11-06T15:50:40,,2.2357938,0.0074608,7.0548501,3.3052449,start 2018-03-23 00:59:00,end 2018-08-04 23:59:00,2.4065274,0.0083809,10.8031887,3.5143494,start 2018-03-01 01:59:00,end 2018-08-16 00:59:00,1,60,sharpe,./master/data-wip,master/data-raw/train_3mln.csv,master//rcode//logic/strategy_param.yaml,master//rcode//logic/WfHelper.yaml,7,21,37,30,8547116b4c2f178405fc33378286059f,1834af68e3acc1db39c01d42e4b23926,2bd86fb5dd551e829c51d84307e18472,5f6963fa0033b4328ffd092283c7969e,7897560da77dea7bd205479e9a96790b,95c3db75ead4c3d046348a18624c39de,c7ed236a0de639ec77bf5a0e38d2748f,3b6c093edecafc8a07e7808010a7ba43,231544466f673d590b2c7f58993733ab,7234b769b0406eba54b493d221b76a1d,56717d335e824e62469e26821b438442,dee9fb2aace0c71b6795403763cf6ceb,9324afadb93349dca55c9dc1fe2ed80f,553b26c7b7bb776d90941fdf714fdc46,5d5702a88dc582dbe54c2ebb76c9b218,ded5c5ddc6bc143258b20bfd83c37c4f,803dea85bc63eed422a48d86e3d27575,a71c41977f231563d1490c414c232fd1,74913fb30fe667030d2f26c329ef48ec,a24e36c7c4cc70bc6ef55969d4078a12,c8d1c328f00399577ab3b3629ec90249

bosky-ankh,31ba350,branch_commit,2023-11-06T15:50:21,,2.2419675,0.007459,7.1416633,3.3098651,start 2018-03-23 00:59:00,end 2018-08-04 23:59:00,2.0029359,0.00822,4.9240565,2.9144948,start 2018-03-01 01:59:00,end 2018-08-30 00:59:00,1,60,sharpe,./master/data-wip,master/data-raw/train_3mln.csv,master//rcode//logic/strategy_param.yaml,master//rcode//logic/WfHelper.yaml,7,14,37,30,8547116b4c2f178405fc33378286059f,1834af68e3acc1db39c01d42e4b23926,2bd86fb5dd551e829c51d84307e18472,5f6963fa0033b4328ffd092283c7969e,7897560da77dea7bd205479e9a96790b,95c3db75ead4c3d046348a18624c39de,0e02b08440b17c1f23c2ff8ab86b08fc,bb6ff733d34c690772b06c8dcfab1f2d,7b7a43c5720af1c5f3bc888d84068f81,7234b769b0406eba54b493d221b76a1d,56717d335e824e62469e26821b438442,dee9fb2aace0c71b6795403763cf6ceb,9324afadb93349dca55c9dc1fe2ed80f,553b26c7b7bb776d90941fdf714fdc46,5d5702a88dc582dbe54c2ebb76c9b218,ded5c5ddc6bc143258b20bfd83c37c4f,803dea85bc63eed422a48d86e3d27575,a71c41977f231563d1490c414c232fd1,74913fb30fe667030d2f26c329ef48ec,a24e36c7c4cc70bc6ef55969d4078a12,c8d1c328f00399577ab3b3629ec90249

pudgy-pees,3197df3,branch_commit,2023-11-06T15:49:55,,1.4279148,0.0074595,1.5744606,2.0824337,start 2018-03-23 00:59:00,end 2018-08-04 23:59:00,1.3855147,0.008254,2.1869878,1.999489,start 2018-03-01 01:59:00,end 2018-08-28 00:59:00,1,60,sharpe,./master/data-wip,master/data-raw/train_3mln.csv,master//rcode//logic/strategy_param.yaml,master//rcode//logic/WfHelper.yaml,7,10,37,30,8547116b4c2f178405fc33378286059f,1834af68e3acc1db39c01d42e4b23926,2bd86fb5dd551e829c51d84307e18472,5f6963fa0033b4328ffd092283c7969e,7897560da77dea7bd205479e9a96790b,95c3db75ead4c3d046348a18624c39de,b9f4c9d53fb2c38b09d6539c7742f6fd,ba659f25ca388ce07410ea3d35617de2,ee2405c88d1ddaf4de4937506d515eb0,7234b769b0406eba54b493d221b76a1d,56717d335e824e62469e26821b438442,dee9fb2aace0c71b6795403763cf6ceb,9324afadb93349dca55c9dc1fe2ed80f,553b26c7b7bb776d90941fdf714fdc46,5d5702a88dc582dbe54c2ebb76c9b218,ded5c5ddc6bc143258b20bfd83c37c4f,803dea85bc63eed422a48d86e3d27575,a71c41977f231563d1490c414c232fd1,74913fb30fe667030d2f26c329ef48ec,a24e36c7c4cc70bc6ef55969d4078a12,c8d1c328f00399577ab3b3629ec90249

based-clip,875ef08,branch_commit,2023-11-06T15:49:28,,1.6551492,0.0074595,2.09009,2.4326886,start 2018-03-23 00:59:00,end 2018-08-04 23:59:00,1.5084532,0.0082214,2.5794547,2.190885,start 2018-03-01 01:59:00,end 2018-08-30 00:59:00,1,60,sharpe,./master/data-wip,master/data-raw/train_3mln.csv,master//rcode//logic/strategy_param.yaml,master//rcode//logic/WfHelper.yaml,7,7,37,30,8547116b4c2f178405fc33378286059f,1834af68e3acc1db39c01d42e4b23926,2bd86fb5dd551e829c51d84307e18472,5f6963fa0033b4328ffd092283c7969e,7897560da77dea7bd205479e9a96790b,95c3db75ead4c3d046348a18624c39de,576698558ff993f583e79c96125abfc8,2acf1a7d116d2cecaace3a528bbaa823,a3a76e44dad5e38641a0479f361966c0,7234b769b0406eba54b493d221b76a1d,56717d335e824e62469e26821b438442,dee9fb2aace0c71b6795403763cf6ceb,9324afadb93349dca55c9dc1fe2ed80f,553b26c7b7bb776d90941fdf714fdc46,5d5702a88dc582dbe54c2ebb76c9b218,ded5c5ddc6bc143258b20bfd83c37c4f,803dea85bc63eed422a48d86e3d27575,a71c41977f231563d1490c414c232fd1,74913fb30fe667030d2f26c329ef48ec,a24e36c7c4cc70bc6ef55969d4078a12,c8d1c328f00399577ab3b3629ec90249

shier-yegg,08b18aa,branch_commit,2023-11-06T15:49:01,,0.6640806,0.007464,0.2518646,0.9580966,start 2018-03-23 00:59:00,end 2018-08-04 23:59:00,0.9284227,0.0081729,0.7386785,1.3321115,start 2018-03-01 01:59:00,end 2018-09-02 00:59:00,1,60,sharpe,./master/data-wip,master/data-raw/train_3mln.csv,master//rcode//logic/strategy_param.yaml,master//rcode//logic/WfHelper.yaml,7,5,37,30,8547116b4c2f178405fc33378286059f,1834af68e3acc1db39c01d42e4b23926,2bd86fb5dd551e829c51d84307e18472,5f6963fa0033b4328ffd092283c7969e,7897560da77dea7bd205479e9a96790b,95c3db75ead4c3d046348a18624c39de,a3dda72fa48b81e2fb8e4cd560eb91f9,ca3ca5b8adab2ba493c2edb58c698517,5ea3b0b7db88e34deaa416e8c9f655a8,7234b769b0406eba54b493d221b76a1d,56717d335e824e62469e26821b438442,dee9fb2aace0c71b6795403763cf6ceb,9324afadb93349dca55c9dc1fe2ed80f,553b26c7b7bb776d90941fdf714fdc46,5d5702a88dc582dbe54c2ebb76c9b218,ded5c5ddc6bc143258b20bfd83c37c4f,803dea85bc63eed422a48d86e3d27575,a71c41977f231563d1490c414c232fd1,74913fb30fe667030d2f26c329ef48ec,a24e36c7c4cc70bc6ef55969d4078a12,c8d1c328f00399577ab3b3629ec90249

yolky-snob,ceffff3,branch_commit,2023-11-06T15:48:32,,0.2896106,0.0074633,0.043743,0.4166832,start 2018-03-23 00:59:00,end 2018-08-04 23:59:00,0.0019041,0.0082101,2.8196101e-06,0.0027106,start 2018-03-01 01:59:00,end 2018-08-31 00:59:00,1,60,sharpe,./master/data-wip,master/data-raw/train_3mln.csv,master//rcode//logic/strategy_param.yaml,master//rcode//logic/WfHelper.yaml,7,3,37,30,8547116b4c2f178405fc33378286059f,1834af68e3acc1db39c01d42e4b23926,2bd86fb5dd551e829c51d84307e18472,5f6963fa0033b4328ffd092283c7969e,7897560da77dea7bd205479e9a96790b,95c3db75ead4c3d046348a18624c39de,d39f51815f40319c78f62e93c11e68d0,8e414c1886fdeb28624d2c8831cbd1bf,5c6077cf9b076daacd33370c8bd31481,7234b769b0406eba54b493d221b76a1d,56717d335e824e62469e26821b438442,dee9fb2aace0c71b6795403763cf6ceb,9324afadb93349dca55c9dc1fe2ed80f,553b26c7b7bb776d90941fdf714fdc46,5d5702a88dc582dbe54c2ebb76c9b218,ded5c5ddc6bc143258b20bfd83c37c4f,803dea85bc63eed422a48d86e3d27575,a71c41977f231563d1490c414c232fd1,74913fb30fe667030d2f26c329ef48ec,a24e36c7c4cc70bc6ef55969d4078a12,c8d1c328f00399577ab3b3629ec90249

baser-brig,c6bb9a2,branch_commit,2023-11-06T15:48:03,,0.6857001,0.0074646,0.3663568,0.9854276,start 2018-03-23 00:59:00,end 2018-08-04 23:59:00,0.0737437,0.0081918,0.0054485,0.1047249,start 2018-03-01 01:59:00,end 2018-09-01 00:59:00,1,60,sharpe,./master/data-wip,master/data-raw/train_3mln.csv,master//rcode//logic/strategy_param.yaml,master//rcode//logic/WfHelper.yaml,7,2,37,30,8547116b4c2f178405fc33378286059f,1834af68e3acc1db39c01d42e4b23926,2bd86fb5dd551e829c51d84307e18472,5f6963fa0033b4328ffd092283c7969e,7897560da77dea7bd205479e9a96790b,95c3db75ead4c3d046348a18624c39de,63603295db9e3d6078d62e32e95ea2e2,86480e70d3ba8de2c151196b3184d632,3a9f537b642a0603a35b7f41202a79ec,7234b769b0406eba54b493d221b76a1d,56717d335e824e62469e26821b438442,dee9fb2aace0c71b6795403763cf6ceb,9324afadb93349dca55c9dc1fe2ed80f,553b26c7b7bb776d90941fdf714fdc46,5d5702a88dc582dbe54c2ebb76c9b218,ded5c5ddc6bc143258b20bfd83c37c4f,803dea85bc63eed422a48d86e3d27575,a71c41977f231563d1490c414c232fd1,74913fb30fe667030d2f26c329ef48ec,a24e36c7c4cc70bc6ef55969d4078a12,c8d1c328f00399577ab3b3629ec90249

faced-yogi,98ce2e8,branch_commit,2023-11-06T15:47:32,,0.5883075,0.0074629,0.2361504,0.8452808,start 2018-03-23 00:59:00,end 2018-08-04 23:59:00,0.0035956,0.0081743,1.1779428e-05,0.0051178,start 2018-03-01 01:59:00,end 2018-09-02 00:59:00,1,60,sharpe,./master/data-wip,master/data-raw/train_3mln.csv,master//rcode//logic/strategy_param.yaml,master//rcode//logic/WfHelper.yaml,7,1,37,30,8547116b4c2f178405fc33378286059f,1834af68e3acc1db39c01d42e4b23926,2bd86fb5dd551e829c51d84307e18472,5f6963fa0033b4328ffd092283c7969e,7897560da77dea7bd205479e9a96790b,95c3db75ead4c3d046348a18624c39de,3752dcb043a53d1c6ae6f9a14b2ad045,7da5f7f85604846f4e2700bb93fa0cf9,512adea8ce165ff4bd9a669e9d4a958c,7234b769b0406eba54b493d221b76a1d,56717d335e824e62469e26821b438442,dee9fb2aace0c71b6795403763cf6ceb,9324afadb93349dca55c9dc1fe2ed80f,553b26c7b7bb776d90941fdf714fdc46,5d5702a88dc582dbe54c2ebb76c9b218,ded5c5ddc6bc143258b20bfd83c37c4f,803dea85bc63eed422a48d86e3d27575,a71c41977f231563d1490c414c232fd1,74913fb30fe667030d2f26c329ef48ec,a24e36c7c4cc70bc6ef55969d4078a12,c8d1c328f00399577ab3b3629ec90249

tough-gigs,4df3471,branch_commit,2023-11-06T15:46:55,,1.9491521,0.0074604,4.5895933,2.8580612,start 2018-03-23 00:59:00,end 2018-08-04 23:59:00,1.9165113,0.0083884,6.2086568,2.7667929,start 2018-02-27 01:59:00,end 2018-08-14 00:59:00,1,60,sharpe,./master/data-wip,master/data-raw/train_3mln.csv,master//rcode//logic/strategy_param.yaml,master//rcode//logic/WfHelper.yaml,5,28,37,30,8547116b4c2f178405fc33378286059f,1834af68e3acc1db39c01d42e4b23926,2bd86fb5dd551e829c51d84307e18472,5f6963fa0033b4328ffd092283c7969e,7897560da77dea7bd205479e9a96790b,95c3db75ead4c3d046348a18624c39de,31bd00c1a000da1bbe70c3cfeb6074a0,c661066b90cff874859bed1fbfda92ff,6c4fb4f99c57eea4ecf3646208609a5a,7234b769b0406eba54b493d221b76a1d,56717d335e824e62469e26821b438442,dee9fb2aace0c71b6795403763cf6ceb,9324afadb93349dca55c9dc1fe2ed80f,553b26c7b7bb776d90941fdf714fdc46,5d5702a88dc582dbe54c2ebb76c9b218,ded5c5ddc6bc143258b20bfd83c37c4f,803dea85bc63eed422a48d86e3d27575,a71c41977f231563d1490c414c232fd1,74913fb30fe667030d2f26c329ef48ec,a24e36c7c4cc70bc6ef55969d4078a12,c8d1c328f00399577ab3b3629ec90249

boozy-chic,d0c5f09,branch_commit,2023-11-06T15:46:31,,2.038736,0.0074615,4.2355952,3.0002485,start 2018-03-23 00:59:00,end 2018-08-04 23:59:00,2.4329993,0.0083856,8.4364083,3.5414473,start 2018-02-27 01:59:00,end 2018-08-14 00:59:00,1,60,sharpe,./master/data-wip,master/data-raw/train_3mln.csv,master//rcode//logic/strategy_param.yaml,master//rcode//logic/WfHelper.yaml,5,21,37,30,8547116b4c2f178405fc33378286059f,1834af68e3acc1db39c01d42e4b23926,2bd86fb5dd551e829c51d84307e18472,5f6963fa0033b4328ffd092283c7969e,7897560da77dea7bd205479e9a96790b,95c3db75ead4c3d046348a18624c39de,c42bdf8ac92293e90f4dabb8dbbf5c01,b33c2d970488267bbcf65b3163e65dc0,306f47cbc959804a850a498a51fa336e,7234b769b0406eba54b493d221b76a1d,56717d335e824e62469e26821b438442,dee9fb2aace0c71b6795403763cf6ceb,9324afadb93349dca55c9dc1fe2ed80f,553b26c7b7bb776d90941fdf714fdc46,5d5702a88dc582dbe54c2ebb76c9b218,ded5c5ddc6bc143258b20bfd83c37c4f,803dea85bc63eed422a48d86e3d27575,a71c41977f231563d1490c414c232fd1,74913fb30fe667030d2f26c329ef48ec,a24e36c7c4cc70bc6ef55969d4078a12,c8d1c328f00399577ab3b3629ec90249

union-wont,0a75700,branch_commit,2023-11-06T15:46:08,,1.2117168,0.0074676,1.3413414,1.7601741,start 2018-03-23 00:59:00,end 2018-08-04 23:59:00,1.6449644,0.008279,3.6947433,2.3749491,start 2018-02-27 01:59:00,end 2018-08-28 00:59:00,1,60,sharpe,./master/data-wip,master/data-raw/train_3mln.csv,master//rcode//logic/strategy_param.yaml,master//rcode//logic/WfHelper.yaml,5,14,37,30,8547116b4c2f178405fc33378286059f,1834af68e3acc1db39c01d42e4b23926,2bd86fb5dd551e829c51d84307e18472,5f6963fa0033b4328ffd092283c7969e,7897560da77dea7bd205479e9a96790b,95c3db75ead4c3d046348a18624c39de,dcc7b6adc9c9fe8678247bf9fa7638a8,0217e87422f95db91786b57d9f9df2ed,ceeb8ad2e77a8f7810699e27a76cf89f,7234b769b0406eba54b493d221b76a1d,56717d335e824e62469e26821b438442,dee9fb2aace0c71b6795403763cf6ceb,9324afadb93349dca55c9dc1fe2ed80f,553b26c7b7bb776d90941fdf714fdc46,5d5702a88dc582dbe54c2ebb76c9b218,ded5c5ddc6bc143258b20bfd83c37c4f,803dea85bc63eed422a48d86e3d27575,a71c41977f231563d1490c414c232fd1,74913fb30fe667030d2f26c329ef48ec,a24e36c7c4cc70bc6ef55969d4078a12,c8d1c328f00399577ab3b3629ec90249

lowly-beak,052e0be,branch_commit,2023-11-06T15:45:43,,2.5496316,0.0074591,9.1075474,3.7795563,start 2018-03-23 00:59:00,end 2018-08-04 23:59:00,1.8284912,0.0083045,5.3835887,2.6534595,start 2018-02-27 01:59:00,end 2018-08-26 00:59:00,1,60,sharpe,./master/data-wip,master/data-raw/train_3mln.csv,master//rcode//logic/strategy_param.yaml,master//rcode//logic/WfHelper.yaml,5,10,37,30,8547116b4c2f178405fc33378286059f,1834af68e3acc1db39c01d42e4b23926,2bd86fb5dd551e829c51d84307e18472,5f6963fa0033b4328ffd092283c7969e,7897560da77dea7bd205479e9a96790b,95c3db75ead4c3d046348a18624c39de,a932eac318088c9ec5e809b0edf61c68,7f1869567294db6eab3d9f1dabfe625d,82742f1c32d9bd564deba10db5895dbb,7234b769b0406eba54b493d221b76a1d,56717d335e824e62469e26821b438442,dee9fb2aace0c71b6795403763cf6ceb,9324afadb93349dca55c9dc1fe2ed80f,553b26c7b7bb776d90941fdf714fdc46,5d5702a88dc582dbe54c2ebb76c9b218,ded5c5ddc6bc143258b20bfd83c37c4f,803dea85bc63eed422a48d86e3d27575,a71c41977f231563d1490c414c232fd1,74913fb30fe667030d2f26c329ef48ec,a24e36c7c4cc70bc6ef55969d4078a12,c8d1c328f00399577ab3b3629ec90249

apish-awns,7a44f07,branch_commit,2023-11-06T15:45:18,,0.5093273,0.0074639,0.2059714,0.7359332,start 2018-03-23 00:59:00,end 2018-08-04 23:59:00,0.598791,0.0082782,0.4256682,0.8561407,start 2018-02-27 01:59:00,end 2018-08-28 00:59:00,1,60,sharpe,./master/data-wip,master/data-raw/train_3mln.csv,master//rcode//logic/strategy_param.yaml,master//rcode//logic/WfHelper.yaml,5,7,37,30,8547116b4c2f178405fc33378286059f,1834af68e3acc1db39c01d42e4b23926,2bd86fb5dd551e829c51d84307e18472,5f6963fa0033b4328ffd092283c7969e,7897560da77dea7bd205479e9a96790b,95c3db75ead4c3d046348a18624c39de,29bb5fcef32fe80d9c77defafedf79bb,cce347b4ebec921f0cbd2c3eef156a74,a58af075af2afe6f9719d1b6262abe36,7234b769b0406eba54b493d221b76a1d,56717d335e824e62469e26821b438442,dee9fb2aace0c71b6795403763cf6ceb,9324afadb93349dca55c9dc1fe2ed80f,553b26c7b7bb776d90941fdf714fdc46,5d5702a88dc582dbe54c2ebb76c9b218,ded5c5ddc6bc143258b20bfd83c37c4f,803dea85bc63eed422a48d86e3d27575,a71c41977f231563d1490c414c232fd1,74913fb30fe667030d2f26c329ef48ec,a24e36c7c4cc70bc6ef55969d4078a12,c8d1c328f00399577ab3b3629ec90249

upset-hugs,b126122,branch_commit,2023-11-06T15:44:53,,1.0423441,0.0074611,0.9450096,1.5128337,start 2018-03-23 00:59:00,end 2018-08-04 23:59:00,0.7827686,0.0082266,0.8052596,1.1269097,start 2018-02-27 01:59:00,end 2018-08-31 00:59:00,1,60,sharpe,./master/data-wip,master/data-raw/train_3mln.csv,master//rcode//logic/strategy_param.yaml,master//rcode//logic/WfHelper.yaml,5,5,37,30,8547116b4c2f178405fc33378286059f,1834af68e3acc1db39c01d42e4b23926,2bd86fb5dd551e829c51d84307e18472,5f6963fa0033b4328ffd092283c7969e,7897560da77dea7bd205479e9a96790b,95c3db75ead4c3d046348a18624c39de,c5abdc51562a425c7d8c9ca400d0d61d,d51d203592779f5dab0d6296b95493f7,682daa4286d3b12cf41cee9280e46006,7234b769b0406eba54b493d221b76a1d,56717d335e824e62469e26821b438442,dee9fb2aace0c71b6795403763cf6ceb,9324afadb93349dca55c9dc1fe2ed80f,553b26c7b7bb776d90941fdf714fdc46,5d5702a88dc582dbe54c2ebb76c9b218,ded5c5ddc6bc143258b20bfd83c37c4f,803dea85bc63eed422a48d86e3d27575,a71c41977f231563d1490c414c232fd1,74913fb30fe667030d2f26c329ef48ec,a24e36c7c4cc70bc6ef55969d4078a12,c8d1c328f00399577ab3b3629ec90249

sworn-navy,84e7a9d,branch_commit,2023-11-06T15:44:27,,1.1554091,0.0074604,0.8853769,1.684044,start 2018-03-23 00:59:00,end 2018-08-04 23:59:00,0.5841422,0.0082104,0.3431442,0.8379194,start 2018-02-27 01:59:00,end 2018-09-01 00:59:00,1,60,sharpe,./master/data-wip,master/data-raw/train_3mln.csv,master//rcode//logic/strategy_param.yaml,master//rcode//logic/WfHelper.yaml,5,3,37,30,8547116b4c2f178405fc33378286059f,1834af68e3acc1db39c01d42e4b23926,2bd86fb5dd551e829c51d84307e18472,5f6963fa0033b4328ffd092283c7969e,7897560da77dea7bd205479e9a96790b,95c3db75ead4c3d046348a18624c39de,2b62e18d31ad6a86592e809177335ec7,794cc71c09e2f2427465eca87f8c83f4,b9c8f9c792393ab83f91b7dbcab2990b,7234b769b0406eba54b493d221b76a1d,56717d335e824e62469e26821b438442,dee9fb2aace0c71b6795403763cf6ceb,9324afadb93349dca55c9dc1fe2ed80f,553b26c7b7bb776d90941fdf714fdc46,5d5702a88dc582dbe54c2ebb76c9b218,ded5c5ddc6bc143258b20bfd83c37c4f,803dea85bc63eed422a48d86e3d27575,a71c41977f231563d1490c414c232fd1,74913fb30fe667030d2f26c329ef48ec,a24e36c7c4cc70bc6ef55969d4078a12,c8d1c328f00399577ab3b3629ec90249

algal-jigs,a21c6b6,branch_commit,2023-11-06T15:43:58,,1.4421454,0.0074624,1.9274329,2.1030611,start 2018-03-23 00:59:00,end 2018-08-04 23:59:00,0.6849706,0.0082117,0.4550188,0.9845824,start 2018-02-27 01:59:00,end 2018-09-01 00:59:00,1,60,sharpe,./master/data-wip,master/data-raw/train_3mln.csv,master//rcode//logic/strategy_param.yaml,master//rcode//logic/WfHelper.yaml,5,2,37,30,8547116b4c2f178405fc33378286059f,1834af68e3acc1db39c01d42e4b23926,2bd86fb5dd551e829c51d84307e18472,5f6963fa0033b4328ffd092283c7969e,7897560da77dea7bd205479e9a96790b,95c3db75ead4c3d046348a18624c39de,b7753137a7b7ac8bcee357536c41e763,e5cb1917ab329d3893896589baf0dfaf,fc3d9aeaffe176ca847cefe3ee5ef6e5,7234b769b0406eba54b493d221b76a1d,56717d335e824e62469e26821b438442,dee9fb2aace0c71b6795403763cf6ceb,9324afadb93349dca55c9dc1fe2ed80f,553b26c7b7bb776d90941fdf714fdc46,5d5702a88dc582dbe54c2ebb76c9b218,ded5c5ddc6bc143258b20bfd83c37c4f,803dea85bc63eed422a48d86e3d27575,a71c41977f231563d1490c414c232fd1,74913fb30fe667030d2f26c329ef48ec,a24e36c7c4cc70bc6ef55969d4078a12,c8d1c328f00399577ab3b3629ec90249

ferny-lira,c97a6e4,branch_commit,2023-11-06T15:43:27,,1.2008574,0.0074621,1.140736,1.7460207,start 2018-03-23 00:59:00,end 2018-08-04 23:59:00,0.7058256,0.0081948,0.5037185,1.0149251,start 2018-02-27 01:59:00,end 2018-09-02 00:59:00,1,60,sharpe,./master/data-wip,master/data-raw/train_3mln.csv,master//rcode//logic/strategy_param.yaml,master//rcode//logic/WfHelper.yaml,5,1,37,30,8547116b4c2f178405fc33378286059f,1834af68e3acc1db39c01d42e4b23926,2bd86fb5dd551e829c51d84307e18472,5f6963fa0033b4328ffd092283c7969e,7897560da77dea7bd205479e9a96790b,95c3db75ead4c3d046348a18624c39de,901e00c03eb42c7ba9febb34be531eee,1f739dae3f1c10b32e13e798b5f81588,a254ffdeb90fbf5e51b5543725662b8c,7234b769b0406eba54b493d221b76a1d,56717d335e824e62469e26821b438442,dee9fb2aace0c71b6795403763cf6ceb,9324afadb93349dca55c9dc1fe2ed80f,553b26c7b7bb776d90941fdf714fdc46,5d5702a88dc582dbe54c2ebb76c9b218,ded5c5ddc6bc143258b20bfd83c37c4f,803dea85bc63eed422a48d86e3d27575,a71c41977f231563d1490c414c232fd1,74913fb30fe667030d2f26c329ef48ec,a24e36c7c4cc70bc6ef55969d4078a12,c8d1c328f00399577ab3b3629ec90249

boric-mung,e584f65,branch_commit,2023-11-06T15:42:49,,2.7142846,0.0074601,11.4360339,4.0311111,start 2018-03-23 00:59:00,end 2018-08-04 23:59:00,2.2178305,0.0084289,8.3551951,3.2187738,start 2018-02-25 01:59:00,end 2018-08-12 00:59:00,1,60,sharpe,./master/data-wip,master/data-raw/train_3mln.csv,master//rcode//logic/strategy_param.yaml,master//rcode//logic/WfHelper.yaml,3,28,37,30,8547116b4c2f178405fc33378286059f,1834af68e3acc1db39c01d42e4b23926,2bd86fb5dd551e829c51d84307e18472,5f6963fa0033b4328ffd092283c7969e,7897560da77dea7bd205479e9a96790b,95c3db75ead4c3d046348a18624c39de,89c9909cf6b5fe9f16a0c28b90035895,61c11b666125ffacf82435b4cf1a7792,ccc4a9b6ea3d5ec895fea4d8a6a4af82,7234b769b0406eba54b493d221b76a1d,56717d335e824e62469e26821b438442,dee9fb2aace0c71b6795403763cf6ceb,9324afadb93349dca55c9dc1fe2ed80f,553b26c7b7bb776d90941fdf714fdc46,5d5702a88dc582dbe54c2ebb76c9b218,ded5c5ddc6bc143258b20bfd83c37c4f,803dea85bc63eed422a48d86e3d27575,a71c41977f231563d1490c414c232fd1,74913fb30fe667030d2f26c329ef48ec,a24e36c7c4cc70bc6ef55969d4078a12,c8d1c328f00399577ab3b3629ec90249

edged-sums,2a8b367,branch_commit,2023-11-06T15:42:23,,1.8388383,0.0074652,3.4474373,2.6797831,start 2018-03-23 00:59:00,end 2018-08-04 23:59:00,1.7247755,0.0082049,4.666912,2.487413,start 2018-02-25 01:59:00,end 2018-09-02 00:59:00,1,60,sharpe,./master/data-wip,master/data-raw/train_3mln.csv,master//rcode//logic/strategy_param.yaml,master//rcode//logic/WfHelper.yaml,3,21,37,30,8547116b4c2f178405fc33378286059f,1834af68e3acc1db39c01d42e4b23926,2bd86fb5dd551e829c51d84307e18472,5f6963fa0033b4328ffd092283c7969e,7897560da77dea7bd205479e9a96790b,95c3db75ead4c3d046348a18624c39de,38df0083fa543da654e510671cb59847,7a36baf2e85957d2c8539fa7d5067549,c5a135cfe53d5e6477ed3033931b8116,7234b769b0406eba54b493d221b76a1d,56717d335e824e62469e26821b438442,dee9fb2aace0c71b6795403763cf6ceb,9324afadb93349dca55c9dc1fe2ed80f,553b26c7b7bb776d90941fdf714fdc46,5d5702a88dc582dbe54c2ebb76c9b218,ded5c5ddc6bc143258b20bfd83c37c4f,803dea85bc63eed422a48d86e3d27575,a71c41977f231563d1490c414c232fd1,74913fb30fe667030d2f26c329ef48ec,a24e36c7c4cc70bc6ef55969d4078a12,c8d1c328f00399577ab3b3629ec90249

stiff-ryas,a65a515,branch_commit,2023-11-06T15:41:57,,2.0415888,0.0074646,5.0475046,2.9977744,start 2018-03-23 00:59:00,end 2018-08-04 23:59:00,1.610491,0.0083186,4.5360744,2.3249885,start 2018-02-25 01:59:00,end 2018-08-26 00:59:00,1,60,sharpe,./master/data-wip,master/data-raw/train_3mln.csv,master//rcode//logic/strategy_param.yaml,master//rcode//logic/WfHelper.yaml,3,14,37,30,8547116b4c2f178405fc33378286059f,1834af68e3acc1db39c01d42e4b23926,2bd86fb5dd551e829c51d84307e18472,5f6963fa0033b4328ffd092283c7969e,7897560da77dea7bd205479e9a96790b,95c3db75ead4c3d046348a18624c39de,abe751b8250c3b92e9c7d6f82ff21193,2a430c7b1e13b49b777ea46635c49045,93c0a0a0d58d187528779950ebe416ea,7234b769b0406eba54b493d221b76a1d,56717d335e824e62469e26821b438442,dee9fb2aace0c71b6795403763cf6ceb,9324afadb93349dca55c9dc1fe2ed80f,553b26c7b7bb776d90941fdf714fdc46,5d5702a88dc582dbe54c2ebb76c9b218,ded5c5ddc6bc143258b20bfd83c37c4f,803dea85bc63eed422a48d86e3d27575,a71c41977f231563d1490c414c232fd1,74913fb30fe667030d2f26c329ef48ec,a24e36c7c4cc70bc6ef55969d4078a12,c8d1c328f00399577ab3b3629ec90249

ceric-amyl,f6af4e1,branch_commit,2023-11-06T15:41:31,,1.6178805,0.0074642,3.0459247,2.3693813,start 2018-03-23 00:59:00,end 2018-08-04 23:59:00,1.0114933,0.008355,1.7768544,1.4532177,start 2018-02-25 01:59:00,end 2018-08-24 00:59:00,1,60,sharpe,./master/data-wip,master/data-raw/train_3mln.csv,master//rcode//logic/strategy_param.yaml,master//rcode//logic/WfHelper.yaml,3,10,37,30,8547116b4c2f178405fc33378286059f,1834af68e3acc1db39c01d42e4b23926,2bd86fb5dd551e829c51d84307e18472,5f6963fa0033b4328ffd092283c7969e,7897560da77dea7bd205479e9a96790b,95c3db75ead4c3d046348a18624c39de,8df959689eac016dff0d882406ae2b8e,5f12f15e1ed35f753275a611a30b887b,0d3d0af61d5cdae8735726201b9eb2bf,7234b769b0406eba54b493d221b76a1d,56717d335e824e62469e26821b438442,dee9fb2aace0c71b6795403763cf6ceb,9324afadb93349dca55c9dc1fe2ed80f,553b26c7b7bb776d90941fdf714fdc46,5d5702a88dc582dbe54c2ebb76c9b218,ded5c5ddc6bc143258b20bfd83c37c4f,803dea85bc63eed422a48d86e3d27575,a71c41977f231563d1490c414c232fd1,74913fb30fe667030d2f26c329ef48ec,a24e36c7c4cc70bc6ef55969d4078a12,c8d1c328f00399577ab3b3629ec90249

pappy-peri,8442ae4,branch_commit,2023-11-06T15:41:05,,1.8780318,0.0074648,3.302491,2.7335232,start 2018-03-23 00:59:00,end 2018-08-04 23:59:00,1.1743715,0.008205,1.9871745,1.6800065,start 2018-02-25 01:59:00,end 2018-09-02 00:59:00,1,60,sharpe,./master/data-wip,master/data-raw/train_3mln.csv,master//rcode//logic/strategy_param.yaml,master//rcode//logic/WfHelper.yaml,3,7,37,30,8547116b4c2f178405fc33378286059f,1834af68e3acc1db39c01d42e4b23926,2bd86fb5dd551e829c51d84307e18472,5f6963fa0033b4328ffd092283c7969e,7897560da77dea7bd205479e9a96790b,95c3db75ead4c3d046348a18624c39de,0d35287860aba11a111bdd5242f77cc4,c8888c7f54656142cd0ffd400812f736,6d5116cf125c863f21679d32b061d2b2,7234b769b0406eba54b493d221b76a1d,56717d335e824e62469e26821b438442,dee9fb2aace0c71b6795403763cf6ceb,9324afadb93349dca55c9dc1fe2ed80f,553b26c7b7bb776d90941fdf714fdc46,5d5702a88dc582dbe54c2ebb76c9b218,ded5c5ddc6bc143258b20bfd83c37c4f,803dea85bc63eed422a48d86e3d27575,a71c41977f231563d1490c414c232fd1,74913fb30fe667030d2f26c329ef48ec,a24e36c7c4cc70bc6ef55969d4078a12,c8d1c328f00399577ab3b3629ec90249

ample-cons,dfd37d4,branch_commit,2023-11-06T15:40:36,,0.7950838,0.0074614,0.4802062,1.1536617,start 2018-03-23 00:59:00,end 2018-08-04 23:59:00,0.237717,0.0082714,0.0652102,0.3400283,start 2018-02-25 01:59:00,end 2018-08-29 00:59:00,1,60,sharpe,./master/data-wip,master/data-raw/train_3mln.csv,master//rcode//logic/strategy_param.yaml,master//rcode//logic/WfHelper.yaml,3,5,37,30,8547116b4c2f178405fc33378286059f,1834af68e3acc1db39c01d42e4b23926,2bd86fb5dd551e829c51d84307e18472,5f6963fa0033b4328ffd092283c7969e,7897560da77dea7bd205479e9a96790b,95c3db75ead4c3d046348a18624c39de,986e1f6ef178f0f2c8dc2969bb7bfc5d,39069fde812af0ebc298ddc2b12c4feb,442997eefdab78d1539b6480522ae0e2,7234b769b0406eba54b493d221b76a1d,56717d335e824e62469e26821b438442,dee9fb2aace0c71b6795403763cf6ceb,9324afadb93349dca55c9dc1fe2ed80f,553b26c7b7bb776d90941fdf714fdc46,5d5702a88dc582dbe54c2ebb76c9b218,ded5c5ddc6bc143258b20bfd83c37c4f,803dea85bc63eed422a48d86e3d27575,a71c41977f231563d1490c414c232fd1,74913fb30fe667030d2f26c329ef48ec,a24e36c7c4cc70bc6ef55969d4078a12,c8d1c328f00399577ab3b3629ec90249

older-hill,0871eff,branch_commit,2023-11-06T15:40:07,,1.5039223,0.0074613,2.0821555,2.191083,start 2018-03-23 00:59:00,end 2018-08-04 23:59:00,0.9140951,0.0082046,1.1841826,1.3173151,start 2018-02-25 01:59:00,end 2018-09-02 00:59:00,1,60,sharpe,./master/data-wip,master/data-raw/train_3mln.csv,master//rcode//logic/strategy_param.yaml,master//rcode//logic/WfHelper.yaml,3,3,37,30,8547116b4c2f178405fc33378286059f,1834af68e3acc1db39c01d42e4b23926,2bd86fb5dd551e829c51d84307e18472,5f6963fa0033b4328ffd092283c7969e,7897560da77dea7bd205479e9a96790b,95c3db75ead4c3d046348a18624c39de,3feaeee1ee491e9089e6cb2253f4d477,4c354a1526fb2c0593fd1d64cda8724e,dcac80a78086d12eb1d9a7e5a797e926,7234b769b0406eba54b493d221b76a1d,56717d335e824e62469e26821b438442,dee9fb2aace0c71b6795403763cf6ceb,9324afadb93349dca55c9dc1fe2ed80f,553b26c7b7bb776d90941fdf714fdc46,5d5702a88dc582dbe54c2ebb76c9b218,ded5c5ddc6bc143258b20bfd83c37c4f,803dea85bc63eed422a48d86e3d27575,a71c41977f231563d1490c414c232fd1,74913fb30fe667030d2f26c329ef48ec,a24e36c7c4cc70bc6ef55969d4078a12,c8d1c328f00399577ab3b3629ec90249

lunar-zila,758f598,branch_commit,2023-11-06T15:39:37,,1.6534392,0.0074555,2.3009873,2.4219206,start 2018-03-23 00:59:00,end 2018-08-04 23:59:00,0.8828065,0.0082169,0.8360916,1.2722404,start 2018-02-25 01:59:00,end 2018-09-01 00:59:00,1,60,sharpe,./master/data-wip,master/data-raw/train_3mln.csv,master//rcode//logic/strategy_param.yaml,master//rcode//logic/WfHelper.yaml,3,2,37,30,8547116b4c2f178405fc33378286059f,1834af68e3acc1db39c01d42e4b23926,2bd86fb5dd551e829c51d84307e18472,5f6963fa0033b4328ffd092283c7969e,7897560da77dea7bd205479e9a96790b,95c3db75ead4c3d046348a18624c39de,200e5abcba9886a91bcfbde461d77792,9856fd2a7501c5b968144138695cbc67,aa030c49ee114cc9af053c720dd6efc0,7234b769b0406eba54b493d221b76a1d,56717d335e824e62469e26821b438442,dee9fb2aace0c71b6795403763cf6ceb,9324afadb93349dca55c9dc1fe2ed80f,553b26c7b7bb776d90941fdf714fdc46,5d5702a88dc582dbe54c2ebb76c9b218,ded5c5ddc6bc143258b20bfd83c37c4f,803dea85bc63eed422a48d86e3d27575,a71c41977f231563d1490c414c232fd1,74913fb30fe667030d2f26c329ef48ec,a24e36c7c4cc70bc6ef55969d4078a12,c8d1c328f00399577ab3b3629ec90249

alike-shad,dd668e9,branch_commit,2023-11-06T15:39:04,,1.0955048,0.0074575,0.6777825,1.596823,start 2018-03-23 00:59:00,end 2018-08-04 23:59:00,0.450557,0.0082039,0.1765706,0.6466212,start 2018-02-25 01:59:00,end 2018-09-02 00:59:00,1,60,sharpe,./master/data-wip,master/data-raw/train_3mln.csv,master//rcode//logic/strategy_param.yaml,master//rcode//logic/WfHelper.yaml,3,1,37,30,8547116b4c2f178405fc33378286059f,1834af68e3acc1db39c01d42e4b23926,2bd86fb5dd551e829c51d84307e18472,5f6963fa0033b4328ffd092283c7969e,7897560da77dea7bd205479e9a96790b,95c3db75ead4c3d046348a18624c39de,4598a2d17553fb564484feb2b8988654,e00bd783526cf95e21c5790915e521bb,dabd15ebead05763d3083a5719c0f7a2,7234b769b0406eba54b493d221b76a1d,56717d335e824e62469e26821b438442,dee9fb2aace0c71b6795403763cf6ceb,9324afadb93349dca55c9dc1fe2ed80f,553b26c7b7bb776d90941fdf714fdc46,5d5702a88dc582dbe54c2ebb76c9b218,ded5c5ddc6bc143258b20bfd83c37c4f,803dea85bc63eed422a48d86e3d27575,a71c41977f231563d1490c414c232fd1,74913fb30fe667030d2f26c329ef48ec,a24e36c7c4cc70bc6ef55969d4078a12,c8d1c328f00399577ab3b3629ec90249

skint-esne,4068059,branch_commit,2023-11-06T15:38:24,,2.5638871,0.0074601,11.1466752,3.8000843,start 2018-03-23 00:59:00,end 2018-08-04 23:59:00,2.1096496,0.008411,6.8657088,3.0880452,start 2018-02-24 01:59:00,end 2018-08-11 00:59:00,1,60,sharpe,./master/data-wip,master/data-raw/train_3mln.csv,master//rcode//logic/strategy_param.yaml,master//rcode//logic/WfHelper.yaml,2,28,37,30,8547116b4c2f178405fc33378286059f,1834af68e3acc1db39c01d42e4b23926,2bd86fb5dd551e829c51d84307e18472,5f6963fa0033b4328ffd092283c7969e,7897560da77dea7bd205479e9a96790b,95c3db75ead4c3d046348a18624c39de,a94c5a52087814beb68e53164878b8c8,58e8b20c8c7fbb8a0ef6d496d0fca364,d75f94f4faa6d5b0a52e6e4286398dfa,7234b769b0406eba54b493d221b76a1d,56717d335e824e62469e26821b438442,dee9fb2aace0c71b6795403763cf6ceb,9324afadb93349dca55c9dc1fe2ed80f,553b26c7b7bb776d90941fdf714fdc46,5d5702a88dc582dbe54c2ebb76c9b218,ded5c5ddc6bc143258b20bfd83c37c4f,803dea85bc63eed422a48d86e3d27575,a71c41977f231563d1490c414c232fd1,74913fb30fe667030d2f26c329ef48ec,a24e36c7c4cc70bc6ef55969d4078a12,c8d1c328f00399577ab3b3629ec90249

minus-good,3424c39,branch_commit,2023-11-06T15:37:57,,2.3731374,0.0074622,6.9668954,3.4782584,start 2018-03-23 00:59:00,end 2018-08-04 23:59:00,1.5723615,0.0082335,4.1852768,2.2752918,start 2018-02-24 01:59:00,end 2018-09-01 00:59:00,1,60,sharpe,./master/data-wip,master/data-raw/train_3mln.csv,master//rcode//logic/strategy_param.yaml,master//rcode//logic/WfHelper.yaml,2,21,37,30,8547116b4c2f178405fc33378286059f,1834af68e3acc1db39c01d42e4b23926,2bd86fb5dd551e829c51d84307e18472,5f6963fa0033b4328ffd092283c7969e,7897560da77dea7bd205479e9a96790b,95c3db75ead4c3d046348a18624c39de,11a5194e9fb1df37c75d8076d0526b61,f06a6abf839e47045b7b3002746a5b89,4c84b0af0300ffca9cac64d47e74bd63,7234b769b0406eba54b493d221b76a1d,56717d335e824e62469e26821b438442,dee9fb2aace0c71b6795403763cf6ceb,9324afadb93349dca55c9dc1fe2ed80f,553b26c7b7bb776d90941fdf714fdc46,5d5702a88dc582dbe54c2ebb76c9b218,ded5c5ddc6bc143258b20bfd83c37c4f,803dea85bc63eed422a48d86e3d27575,a71c41977f231563d1490c414c232fd1,74913fb30fe667030d2f26c329ef48ec,a24e36c7c4cc70bc6ef55969d4078a12,c8d1c328f00399577ab3b3629ec90249

non-U-iota,9c2cb38,branch_commit,2023-11-06T15:37:29,,2.2242417,0.0074647,5.9911408,3.277451,start 2018-03-23 00:59:00,end 2018-08-04 23:59:00,1.8227791,0.0083571,6.0728741,2.6584928,start 2018-02-24 01:59:00,end 2018-08-25 00:59:00,1,60,sharpe,./master/data-wip,master/data-raw/train_3mln.csv,master//rcode//logic/strategy_param.yaml,master//rcode//logic/WfHelper.yaml,2,14,37,30,8547116b4c2f178405fc33378286059f,1834af68e3acc1db39c01d42e4b23926,2bd86fb5dd551e829c51d84307e18472,5f6963fa0033b4328ffd092283c7969e,7897560da77dea7bd205479e9a96790b,95c3db75ead4c3d046348a18624c39de,570b1dfee6a6cc7b765ade9bb6f1d63a,1aea06900ac557ffce6a2d304550cf20,a2627845e4ee08806feba029546560f5,7234b769b0406eba54b493d221b76a1d,56717d335e824e62469e26821b438442,dee9fb2aace0c71b6795403763cf6ceb,9324afadb93349dca55c9dc1fe2ed80f,553b26c7b7bb776d90941fdf714fdc46,5d5702a88dc582dbe54c2ebb76c9b218,ded5c5ddc6bc143258b20bfd83c37c4f,803dea85bc63eed422a48d86e3d27575,a71c41977f231563d1490c414c232fd1,74913fb30fe667030d2f26c329ef48ec,a24e36c7c4cc70bc6ef55969d4078a12,c8d1c328f00399577ab3b3629ec90249

ghast-weep,e6ab2d7,branch_commit,2023-11-06T15:37:01,,1.1275256,0.0074661,0.9870421,1.640868,start 2018-03-23 00:59:00,end 2018-08-04 23:59:00,0.6347054,0.0082235,0.4848558,0.9092805,start 2018-02-24 01:59:00,end 2018-09-02 00:59:00,1,60,sharpe,./master/data-wip,master/data-raw/train_3mln.csv,master//rcode//logic/strategy_param.yaml,master//rcode//logic/WfHelper.yaml,2,10,37,30,8547116b4c2f178405fc33378286059f,1834af68e3acc1db39c01d42e4b23926,2bd86fb5dd551e829c51d84307e18472,5f6963fa0033b4328ffd092283c7969e,7897560da77dea7bd205479e9a96790b,95c3db75ead4c3d046348a18624c39de,3f0ad73b0c96d55dca8711e798b222ae,66d160abad449eb04b851baa676cb2f8,e23c3bc622afcaf6bc21732ca0b6c497,7234b769b0406eba54b493d221b76a1d,56717d335e824e62469e26821b438442,dee9fb2aace0c71b6795403763cf6ceb,9324afadb93349dca55c9dc1fe2ed80f,553b26c7b7bb776d90941fdf714fdc46,5d5702a88dc582dbe54c2ebb76c9b218,ded5c5ddc6bc143258b20bfd83c37c4f,803dea85bc63eed422a48d86e3d27575,a71c41977f231563d1490c414c232fd1,74913fb30fe667030d2f26c329ef48ec,a24e36c7c4cc70bc6ef55969d4078a12,c8d1c328f00399577ab3b3629ec90249

dumpy-fess,ceb1823,branch_commit,2023-11-06T15:36:36,,2.6572317,0.0074593,9.6917864,3.9201183,start 2018-03-23 00:59:00,end 2018-08-04 23:59:00,1.7692673,0.0082374,5.9748339,2.5710153,start 2018-02-24 01:59:00,end 2018-09-01 00:59:00,1,60,sharpe,./master/data-wip,master/data-raw/train_3mln.csv,master//rcode//logic/strategy_param.yaml,master//rcode//logic/WfHelper.yaml,2,7,37,30,8547116b4c2f178405fc33378286059f,1834af68e3acc1db39c01d42e4b23926,2bd86fb5dd551e829c51d84307e18472,5f6963fa0033b4328ffd092283c7969e,7897560da77dea7bd205479e9a96790b,95c3db75ead4c3d046348a18624c39de,51a523edcf3e96a3a76a12586f8e3506,ef340c6c5edbe3b94f438b05ef652ba9,8803d6ae94810956af844a277d38e6ce,7234b769b0406eba54b493d221b76a1d,56717d335e824e62469e26821b438442,dee9fb2aace0c71b6795403763cf6ceb,9324afadb93349dca55c9dc1fe2ed80f,553b26c7b7bb776d90941fdf714fdc46,5d5702a88dc582dbe54c2ebb76c9b218,ded5c5ddc6bc143258b20bfd83c37c4f,803dea85bc63eed422a48d86e3d27575,a71c41977f231563d1490c414c232fd1,74913fb30fe667030d2f26c329ef48ec,a24e36c7c4cc70bc6ef55969d4078a12,c8d1c328f00399577ab3b3629ec90249

legal-vies,018396e,branch_commit,2023-11-06T15:36:10,,1.1545791,0.0074635,1.0682737,1.6802275,start 2018-03-23 00:59:00,end 2018-08-04 23:59:00,0.8481764,0.0082223,0.8938761,1.2195554,start 2018-02-24 01:59:00,end 2018-09-02 00:59:00,1,60,sharpe,./master/data-wip,master/data-raw/train_3mln.csv,master//rcode//logic/strategy_param.yaml,master//rcode//logic/WfHelper.yaml,2,5,37,30,8547116b4c2f178405fc33378286059f,1834af68e3acc1db39c01d42e4b23926,2bd86fb5dd551e829c51d84307e18472,5f6963fa0033b4328ffd092283c7969e,7897560da77dea7bd205479e9a96790b,95c3db75ead4c3d046348a18624c39de,6a50ec0327beb5a76472b4ee85bd7be5,b2ef5d932cebf25b60177baaa0b212f5,ef0cee9dba220d2f5043f2a1a62ecdf2,7234b769b0406eba54b493d221b76a1d,56717d335e824e62469e26821b438442,dee9fb2aace0c71b6795403763cf6ceb,9324afadb93349dca55c9dc1fe2ed80f,553b26c7b7bb776d90941fdf714fdc46,5d5702a88dc582dbe54c2ebb76c9b218,ded5c5ddc6bc143258b20bfd83c37c4f,803dea85bc63eed422a48d86e3d27575,a71c41977f231563d1490c414c232fd1,74913fb30fe667030d2f26c329ef48ec,a24e36c7c4cc70bc6ef55969d4078a12,c8d1c328f00399577ab3b3629ec90249

store-aqua,27a9da5,branch_commit,2023-11-06T15:35:40,,1.5662789,0.0074596,1.6353344,2.2849646,start 2018-03-23 00:59:00,end 2018-08-04 23:59:00,1.1395539,0.0082371,1.3382222,1.6437147,start 2018-02-24 01:59:00,end 2018-09-01 00:59:00,1,60,sharpe,./master/data-wip,master/data-raw/train_3mln.csv,master//rcode//logic/strategy_param.yaml,master//rcode//logic/WfHelper.yaml,2,3,37,30,8547116b4c2f178405fc33378286059f,1834af68e3acc1db39c01d42e4b23926,2bd86fb5dd551e829c51d84307e18472,5f6963fa0033b4328ffd092283c7969e,7897560da77dea7bd205479e9a96790b,95c3db75ead4c3d046348a18624c39de,fb81d567bc761e648d282af3ee3b18ea,908ec4cfa898199b88772edd0bbe0703,954dcc6fea5b7ac64fba572d1ca94ece,7234b769b0406eba54b493d221b76a1d,56717d335e824e62469e26821b438442,dee9fb2aace0c71b6795403763cf6ceb,9324afadb93349dca55c9dc1fe2ed80f,553b26c7b7bb776d90941fdf714fdc46,5d5702a88dc582dbe54c2ebb76c9b218,ded5c5ddc6bc143258b20bfd83c37c4f,803dea85bc63eed422a48d86e3d27575,a71c41977f231563d1490c414c232fd1,74913fb30fe667030d2f26c329ef48ec,a24e36c7c4cc70bc6ef55969d4078a12,c8d1c328f00399577ab3b3629ec90249

every-stew,e156d24,branch_commit,2023-11-06T15:35:11,,1.6717813,0.007458,2.3696822,2.4443985,start 2018-03-23 00:59:00,end 2018-08-04 23:59:00,0.7369028,0.0082243,0.7098452,1.0632155,start 2018-02-24 01:59:00,end 2018-09-02 00:59:00,1,60,sharpe,./master/data-wip,master/data-raw/train_3mln.csv,master//rcode//logic/strategy_param.yaml,master//rcode//logic/WfHelper.yaml,2,2,37,30,8547116b4c2f178405fc33378286059f,1834af68e3acc1db39c01d42e4b23926,2bd86fb5dd551e829c51d84307e18472,5f6963fa0033b4328ffd092283c7969e,7897560da77dea7bd205479e9a96790b,95c3db75ead4c3d046348a18624c39de,a4129b68b7335b6175fb968fb0f70986,bc845a5b28e772b08b003915013a5fee,fa7dd6ae4b5a884f16d8a7bed7b00ac9,7234b769b0406eba54b493d221b76a1d,56717d335e824e62469e26821b438442,dee9fb2aace0c71b6795403763cf6ceb,9324afadb93349dca55c9dc1fe2ed80f,553b26c7b7bb776d90941fdf714fdc46,5d5702a88dc582dbe54c2ebb76c9b218,ded5c5ddc6bc143258b20bfd83c37c4f,803dea85bc63eed422a48d86e3d27575,a71c41977f231563d1490c414c232fd1,74913fb30fe667030d2f26c329ef48ec,a24e36c7c4cc70bc6ef55969d4078a12,c8d1c328f00399577ab3b3629ec90249

wised-bond,4ecf5b7,branch_commit,2023-11-06T15:34:40,,2.4844204,0.0074663,6.4752274,3.6882167,start 2018-03-23 00:59:00,end 2018-08-04 23:59:00,1.0471599,0.0082289,1.1812297,1.5161506,start 2018-02-24 01:59:00,end 2018-09-02 00:59:00,1,60,sharpe,./master/data-wip,master/data-raw/train_3mln.csv,master//rcode//logic/strategy_param.yaml,master//rcode//logic/WfHelper.yaml,2,1,37,30,8547116b4c2f178405fc33378286059f,1834af68e3acc1db39c01d42e4b23926,2bd86fb5dd551e829c51d84307e18472,5f6963fa0033b4328ffd092283c7969e,7897560da77dea7bd205479e9a96790b,95c3db75ead4c3d046348a18624c39de,c0aebcdccd11741d966eb5a89666083b,cb14aa4c0fdddea0a491323bdbd2c9d0,aebd2f601588f9428a50761fb5a23abf,7234b769b0406eba54b493d221b76a1d,56717d335e824e62469e26821b438442,dee9fb2aace0c71b6795403763cf6ceb,9324afadb93349dca55c9dc1fe2ed80f,553b26c7b7bb776d90941fdf714fdc46,5d5702a88dc582dbe54c2ebb76c9b218,ded5c5ddc6bc143258b20bfd83c37c4f,803dea85bc63eed422a48d86e3d27575,a71c41977f231563d1490c414c232fd1,74913fb30fe667030d2f26c329ef48ec,a24e36c7c4cc70bc6ef55969d4078a12,c8d1c328f00399577ab3b3629ec90249

bluer-shah,b96ba3e,branch_commit,2023-11-06T15:34:01,,1.7363476,0.0074629,2.4322944,2.5535116,start 2018-03-23 00:59:00,end 2018-08-04 23:59:00,1.3382621,0.0084196,2.028527,1.949044,start 2018-02-23 01:59:00,end 2018-08-10 00:59:00,1,60,sharpe,./master/data-wip,master/data-raw/train_3mln.csv,master//rcode//logic/strategy_param.yaml,master//rcode//logic/WfHelper.yaml,1,28,37,30,8547116b4c2f178405fc33378286059f,1834af68e3acc1db39c01d42e4b23926,2bd86fb5dd551e829c51d84307e18472,5f6963fa0033b4328ffd092283c7969e,7897560da77dea7bd205479e9a96790b,95c3db75ead4c3d046348a18624c39de,17a984c402f78e94ffdc5e7b46a263b6,7c4907a69b7313c5f22f350b07cc0d5a,782b40e160b48e558a11f401b58ce84d,7234b769b0406eba54b493d221b76a1d,56717d335e824e62469e26821b438442,dee9fb2aace0c71b6795403763cf6ceb,9324afadb93349dca55c9dc1fe2ed80f,553b26c7b7bb776d90941fdf714fdc46,5d5702a88dc582dbe54c2ebb76c9b218,ded5c5ddc6bc143258b20bfd83c37c4f,803dea85bc63eed422a48d86e3d27575,a71c41977f231563d1490c414c232fd1,74913fb30fe667030d2f26c329ef48ec,a24e36c7c4cc70bc6ef55969d4078a12,c8d1c328f00399577ab3b3629ec90249

sunny-gore,1fde072,branch_commit,2023-11-06T15:33:37,,2.0505484,0.0074639,3.3598275,3.0298029,start 2018-03-23 00:59:00,end 2018-08-04 23:59:00,1.0114285,0.0082788,1.2693349,1.4689194,start 2018-02-23 01:59:00,end 2018-08-31 00:59:00,1,60,sharpe,./master/data-wip,master/data-raw/train_3mln.csv,master//rcode//logic/strategy_param.yaml,master//rcode//logic/WfHelper.yaml,1,21,37,30,8547116b4c2f178405fc33378286059f,1834af68e3acc1db39c01d42e4b23926,2bd86fb5dd551e829c51d84307e18472,5f6963fa0033b4328ffd092283c7969e,7897560da77dea7bd205479e9a96790b,95c3db75ead4c3d046348a18624c39de,f983f79f3d85baf09e72a296f07012fa,69f6e4ab48f4e841f0f9c1eb6903ae60,8c62212fdadaad7c8aa6aec775b54cc0,7234b769b0406eba54b493d221b76a1d,56717d335e824e62469e26821b438442,dee9fb2aace0c71b6795403763cf6ceb,9324afadb93349dca55c9dc1fe2ed80f,553b26c7b7bb776d90941fdf714fdc46,5d5702a88dc582dbe54c2ebb76c9b218,ded5c5ddc6bc143258b20bfd83c37c4f,803dea85bc63eed422a48d86e3d27575,a71c41977f231563d1490c414c232fd1,74913fb30fe667030d2f26c329ef48ec,a24e36c7c4cc70bc6ef55969d4078a12,c8d1c328f00399577ab3b3629ec90249

roily-zila,30b971a,branch_commit,2023-11-06T15:33:00,,2.0133338,0.0074613,3.7505471,2.9703711,start 2018-03-23 00:59:00,end 2018-08-04 23:59:00,0.8926291,0.0083933,1.1180387,1.2944733,start 2018-02-23 01:59:00,end 2018-08-24 00:59:00,1,60,sharpe,./master/data-wip,master/data-raw/train_3mln.csv,master//rcode//logic/strategy_param.yaml,master//rcode//logic/WfHelper.yaml,1,14,37,30,8547116b4c2f178405fc33378286059f,1834af68e3acc1db39c01d42e4b23926,2bd86fb5dd551e829c51d84307e18472,5f6963fa0033b4328ffd092283c7969e,7897560da77dea7bd205479e9a96790b,95c3db75ead4c3d046348a18624c39de,dcb4ba1dffe344c2f2b56c1920116616,bc4f6b48f5161ea78e60f9fa71bf2ddc,8c785e1b4552c10d6fa4af4864ac662a,7234b769b0406eba54b493d221b76a1d,56717d335e824e62469e26821b438442,dee9fb2aace0c71b6795403763cf6ceb,9324afadb93349dca55c9dc1fe2ed80f,553b26c7b7bb776d90941fdf714fdc46,5d5702a88dc582dbe54c2ebb76c9b218,ded5c5ddc6bc143258b20bfd83c37c4f,803dea85bc63eed422a48d86e3d27575,a71c41977f231563d1490c414c232fd1,74913fb30fe667030d2f26c329ef48ec,a24e36c7c4cc70bc6ef55969d4078a12,c8d1c328f00399577ab3b3629ec90249

bawdy-outs,3189e80,branch_commit,2023-11-06T15:32:35,,1.3529232,0.0074645,1.4208207,1.9731732,start 2018-03-23 00:59:00,end 2018-08-04 23:59:00,0.6681303,0.0082592,0.539595,0.9574936,start 2018-02-23 01:59:00,end 2018-09-01 00:59:00,1,60,sharpe,./master/data-wip,master/data-raw/train_3mln.csv,master//rcode//logic/strategy_param.yaml,master//rcode//logic/WfHelper.yaml,1,10,37,30,8547116b4c2f178405fc33378286059f,1834af68e3acc1db39c01d42e4b23926,2bd86fb5dd551e829c51d84307e18472,5f6963fa0033b4328ffd092283c7969e,7897560da77dea7bd205479e9a96790b,95c3db75ead4c3d046348a18624c39de,285c8ee150577ea541b64197645188d0,3105d2d401f04dcc1f8b8e1923a05f8e,7b8e123bfba901ce2d05a335c8412db8,7234b769b0406eba54b493d221b76a1d,56717d335e824e62469e26821b438442,dee9fb2aace0c71b6795403763cf6ceb,9324afadb93349dca55c9dc1fe2ed80f,553b26c7b7bb776d90941fdf714fdc46,5d5702a88dc582dbe54c2ebb76c9b218,ded5c5ddc6bc143258b20bfd83c37c4f,803dea85bc63eed422a48d86e3d27575,a71c41977f231563d1490c414c232fd1,74913fb30fe667030d2f26c329ef48ec,a24e36c7c4cc70bc6ef55969d4078a12,c8d1c328f00399577ab3b3629ec90249

fussy-lich,aa0a5c5,branch_commit,2023-11-06T15:32:10,,2.5627033,0.0074592,6.2850577,3.7948433,start 2018-03-23 00:59:00,end 2018-08-04 23:59:00,1.3785911,0.0082758,2.8250494,2.0000285,start 2018-02-23 01:59:00,end 2018-08-31 00:59:00,1,60,sharpe,./master/data-wip,master/data-raw/train_3mln.csv,master//rcode//logic/strategy_param.yaml,master//rcode//logic/WfHelper.yaml,1,7,37,30,8547116b4c2f178405fc33378286059f,1834af68e3acc1db39c01d42e4b23926,2bd86fb5dd551e829c51d84307e18472,5f6963fa0033b4328ffd092283c7969e,7897560da77dea7bd205479e9a96790b,95c3db75ead4c3d046348a18624c39de,13300aab3761f807b0793af08fecc4b2,94680baab0649dec805f2d6e98554509,5ff94abdfd31bd7823c4232a786dc1cd,7234b769b0406eba54b493d221b76a1d,56717d335e824e62469e26821b438442,dee9fb2aace0c71b6795403763cf6ceb,9324afadb93349dca55c9dc1fe2ed80f,553b26c7b7bb776d90941fdf714fdc46,5d5702a88dc582dbe54c2ebb76c9b218,ded5c5ddc6bc143258b20bfd83c37c4f,803dea85bc63eed422a48d86e3d27575,a71c41977f231563d1490c414c232fd1,74913fb30fe667030d2f26c329ef48ec,a24e36c7c4cc70bc6ef55969d4078a12,c8d1c328f00399577ab3b3629ec90249

radio-ziti,04acdf5,branch_commit,2023-11-06T15:31:38,,1.4427343,0.0074612,1.5357953,2.10626,start 2018-03-23 00:59:00,end 2018-08-04 23:59:00,0.6824283,0.0082593,0.5353432,0.9834333,start 2018-02-23 01:59:00,end 2018-09-01 00:59:00,1,60,sharpe,./master/data-wip,master/data-raw/train_3mln.csv,master//rcode//logic/strategy_param.yaml,master//rcode//logic/WfHelper.yaml,1,5,37,30,8547116b4c2f178405fc33378286059f,1834af68e3acc1db39c01d42e4b23926,2bd86fb5dd551e829c51d84307e18472,5f6963fa0033b4328ffd092283c7969e,7897560da77dea7bd205479e9a96790b,95c3db75ead4c3d046348a18624c39de,823ef8c85f5a94b58fb1c30cdd211001,2c4aa0cce98070a952c19fecaee769e3,3380cf75dc311d552dfac0197c06f94c,7234b769b0406eba54b493d221b76a1d,56717d335e824e62469e26821b438442,dee9fb2aace0c71b6795403763cf6ceb,9324afadb93349dca55c9dc1fe2ed80f,553b26c7b7bb776d90941fdf714fdc46,5d5702a88dc582dbe54c2ebb76c9b218,ded5c5ddc6bc143258b20bfd83c37c4f,803dea85bc63eed422a48d86e3d27575,a71c41977f231563d1490c414c232fd1,74913fb30fe667030d2f26c329ef48ec,a24e36c7c4cc70bc6ef55969d4078a12,c8d1c328f00399577ab3b3629ec90249

undug-lure,250c1cb,branch_commit,2023-11-06T15:31:10,,1.9694846,0.0074649,2.5988963,2.9104253,start 2018-03-23 00:59:00,end 2018-08-04 23:59:00,0.9687681,0.0082789,0.9763416,1.4066812,start 2018-02-23 01:59:00,end 2018-08-31 00:59:00,1,60,sharpe,./master/data-wip,master/data-raw/train_3mln.csv,master//rcode//logic/strategy_param.yaml,master//rcode//logic/WfHelper.yaml,1,3,37,30,8547116b4c2f178405fc33378286059f,1834af68e3acc1db39c01d42e4b23926,2bd86fb5dd551e829c51d84307e18472,5f6963fa0033b4328ffd092283c7969e,7897560da77dea7bd205479e9a96790b,95c3db75ead4c3d046348a18624c39de,b2da84dabe1f30e242a42699752fb911,0931674012acaca51bc8e2185e511425,32571b8c6239643e1840d293914917bd,7234b769b0406eba54b493d221b76a1d,56717d335e824e62469e26821b438442,dee9fb2aace0c71b6795403763cf6ceb,9324afadb93349dca55c9dc1fe2ed80f,553b26c7b7bb776d90941fdf714fdc46,5d5702a88dc582dbe54c2ebb76c9b218,ded5c5ddc6bc143258b20bfd83c37c4f,803dea85bc63eed422a48d86e3d27575,a71c41977f231563d1490c414c232fd1,74913fb30fe667030d2f26c329ef48ec,a24e36c7c4cc70bc6ef55969d4078a12,c8d1c328f00399577ab3b3629ec90249

sworn-lush,da9cb7a,branch_commit,2023-11-06T15:30:36,,2.4813791,0.0074664,6.2191489,3.6909484,start 2018-03-23 00:59:00,end 2018-08-04 23:59:00,0.4692641,0.0082648,0.2128195,0.6741487,start 2018-02-23 01:59:00,end 2018-09-01 00:59:00,1,60,sharpe,./master/data-wip,master/data-raw/train_3mln.csv,master//rcode//logic/strategy_param.yaml,master//rcode//logic/WfHelper.yaml,1,2,37,30,8547116b4c2f178405fc33378286059f,1834af68e3acc1db39c01d42e4b23926,2bd86fb5dd551e829c51d84307e18472,5f6963fa0033b4328ffd092283c7969e,7897560da77dea7bd205479e9a96790b,95c3db75ead4c3d046348a18624c39de,39f5e403264785b212a3b65504a47fce,d3799f8c4d4cb89e40c4039753798dc4,28e776fffd401af0187962581accad79,7234b769b0406eba54b493d221b76a1d,56717d335e824e62469e26821b438442,dee9fb2aace0c71b6795403763cf6ceb,9324afadb93349dca55c9dc1fe2ed80f,553b26c7b7bb776d90941fdf714fdc46,5d5702a88dc582dbe54c2ebb76c9b218,ded5c5ddc6bc143258b20bfd83c37c4f,803dea85bc63eed422a48d86e3d27575,a71c41977f231563d1490c414c232fd1,74913fb30fe667030d2f26c329ef48ec,a24e36c7c4cc70bc6ef55969d4078a12,c8d1c328f00399577ab3b3629ec90249

guest-shay,019e64d,branch_base,2023-11-06T15:30:00,,2.2829232,0.0074657,5.2541238,3.395954,start 2018-03-23 00:59:00,end 2018-08-04 23:59:00,1.1245408,0.0082426,1.9504289,1.6305436,start 2018-02-23 01:59:00,end 2018-09-02 00:59:00,1,60,sharpe,./master/data-wip,master/data-raw/train_3mln.csv,master//rcode//logic/strategy_param.yaml,master//rcode//logic/WfHelper.yaml,1,1,37,30,8547116b4c2f178405fc33378286059f,1834af68e3acc1db39c01d42e4b23926,2bd86fb5dd551e829c51d84307e18472,5f6963fa0033b4328ffd092283c7969e,7897560da77dea7bd205479e9a96790b,95c3db75ead4c3d046348a18624c39de,ff2982a393fef52bfdab66c34d259163,b6504c0380c8c2772846ec86aa51fb79,e5046bfe89e8568e37170c2f91d6e62a,7234b769b0406eba54b493d221b76a1d,56717d335e824e62469e26821b438442,dee9fb2aace0c71b6795403763cf6ceb,9324afadb93349dca55c9dc1fe2ed80f,553b26c7b7bb776d90941fdf714fdc46,5d5702a88dc582dbe54c2ebb76c9b218,ded5c5ddc6bc143258b20bfd83c37c4f,803dea85bc63eed422a48d86e3d27575,a71c41977f231563d1490c414c232fd1,74913fb30fe667030d2f26c329ef48ec,a24e36c7c4cc70bc6ef55969d4078a12,c8d1c328f00399577ab3b3629ec90249

